participant_id,treat,age_months,female,kindergarten,teacher_id,school_id,private_school,title1,free_reduced_lunch,state,esl_observed,special_ed_observed,new_student,distracted_a1,distracted_a2,distracted_ppvt,score_a1,invalid_a1,score_a2,invalid_a2,score_ppvt,score_ppvt_age,invalid_ppvt,t_logins_april,t_logins_total,t_weeks_used,t_words_learned,t_financial_struggle,t_misbehavior,t_years_experience,score_pct_change
100,0,81,1,1,45,1,0,1,75,1,0,0,0,0,0,0,27,NA,28,0,128,116,0,NA,NA,NA,NA,20,1,43,3.7037037037037033
101,0,76,1,1,45,1,0,1,75,1,0,0,0,0,NA,NA,14,0,NA,NA,NA,NA,NA,NA,NA,NA,NA,NA,NA,NA,NA
102,0,77,1,1,45,1,0,1,75,1,0,0,0,0,NA,NA,23,0,NA,NA,NA,NA,NA,NA,NA,NA,NA,NA,NA,NA,NA
103,0,68,1,1,45,1,0,1,75,1,0,0,0,0,0,0,24,NA,25,0,93,102,0,NA,NA,NA,NA,20,1,43,4.166666666666666
104,0,75,1,1,45,1,0,1,75,1,0,0,0,0,0,0,25,NA,27,0,NA,NA,1,NA,NA,NA,NA,20,1,43,8
105,0,76,0,1,45,1,0,1,75,1,0,0,0,0,0,0,18,NA,21,0,89,89,0,NA,NA,NA,NA,20,1,43,16.666666666666664
106,0,76,1,1,45,1,0,1,75,1,0,0,0,1,0,0,21,NA,17,0,54,71,0,NA,NA,NA,NA,20,1,43,-19.047619047619047
107,0,76,1,1,45,1,0,1,75,1,0,0,0,0,0,0,28,NA,26,0,123,117,0,NA,NA,NA,NA,20,1,43,-7.142857142857142
108,0,75,1,1,45,1,0,1,75,1,0,0,0,0,0,0,21,NA,24,0,88,90,0,NA,NA,NA,NA,20,1,43,14.285714285714285
109,0,73,0,1,45,1,0,1,75,1,0,0,0,0,0,0,23,NA,26,0,NA,NA,1,NA,NA,NA,NA,20,1,43,13.043478260869565
110,0,76,1,1,45,1,0,1,75,1,0,0,0,0,0,0,25,NA,25,0,106,103,0,NA,NA,NA,NA,20,1,43,0
111,0,74,0,1,45,1,0,1,75,1,0,0,0,0,0,0,24,NA,23,0,85,89,0,NA,NA,NA,NA,20,1,43,-4.166666666666666
113,0,76,1,1,45,1,0,1,75,1,0,0,0,0,0,0,23,NA,26,0,84,87,0,NA,NA,NA,NA,20,1,43,13.043478260869565
114,0,71,0,1,45,1,0,1,75,1,0,0,0,0,0,0,28,NA,28,0,123,123,0,NA,NA,NA,NA,20,1,43,0
115,0,80,0,1,45,1,0,1,75,1,0,0,0,0,NA,NA,30,0,NA,NA,NA,NA,NA,NA,NA,NA,NA,NA,NA,NA,NA
116,0,75,1,1,45,1,0,1,75,1,0,0,0,0,NA,NA,19,0,NA,NA,NA,NA,NA,NA,NA,NA,NA,NA,NA,NA,NA
117,0,69,0,1,45,1,0,1,75,1,0,0,0,0,NA,NA,24,0,NA,NA,NA,NA,NA,NA,NA,NA,NA,NA,NA,NA,NA
118,0,73,0,1,45,1,0,1,75,1,0,0,0,0,NA,NA,29,0,NA,NA,NA,NA,NA,NA,NA,NA,NA,NA,NA,NA,NA
119,0,81,0,1,45,1,0,1,75,1,0,0,0,0,NA,NA,13,0,NA,NA,NA,NA,NA,NA,NA,NA,NA,NA,NA,NA,NA
10148,1,65,1,0,28,2,0,1,91,3,0,0,0,0,0,1,34,NA,31,0,138,137,0,23,156,35,5,10,1,27,-8.823529411764707
16144,1,58,0,0,28,2,0,1,91,3,0,0,0,0,0,0,21,NA,24,0,87,108,0,23,156,35,5,10,1,27,14.285714285714285
17009,1,69,1,0,28,2,0,1,91,3,0,0,0,0,0,0,28,NA,33,0,113,115,0,23,156,35,5,10,1,27,17.857142857142858
18848,1,67,0,0,28,2,0,1,91,3,0,0,0,0,0,0,30,NA,32,0,109,115,0,23,156,35,5,10,1,27,6.666666666666667
25961,1,65,1,0,28,2,0,1,91,3,0,0,0,0,0,0,16,NA,18,0,55,80,0,23,156,35,5,10,1,27,12.5
26448,1,60,0,0,28,2,0,1,91,3,0,1,0,0,NA,NA,12,1,NA,NA,NA,NA,NA,NA,NA,NA,NA,NA,NA,NA,NA
27480,1,68,0,0,28,2,0,1,91,3,0,1,0,0,0,1,13,NA,16,0,39,65,0,23,156,35,5,10,1,27,23.076923076923077
33415,1,64,0,0,28,2,0,1,91,3,0,0,0,0,0,0,21,NA,26,0,83,99,0,23,156,35,5,10,1,27,23.809523809523807
34684,1,68,0,0,28,2,0,1,91,3,0,1,0,1,1,1,31,NA,24,0,91,100,0,23,156,35,5,10,1,27,-22.58064516129032
39545,1,65,0,0,28,2,0,1,91,3,1,0,0,0,0,0,20,NA,21,0,49,76,0,23,156,35,5,10,1,27,5
53788,1,69,1,0,28,2,0,1,91,3,0,0,0,0,NA,NA,22,0,NA,NA,NA,NA,NA,NA,NA,NA,NA,NA,NA,NA,NA
59841,1,70,1,0,28,2,0,1,91,3,0,1,0,0,NA,NA,20,0,NA,NA,NA,NA,NA,NA,NA,NA,NA,NA,NA,NA,NA
71745,1,68,1,0,28,2,0,1,91,3,0,0,0,0,NA,NA,22,0,NA,NA,NA,NA,NA,NA,NA,NA,NA,NA,NA,NA,NA
75843,1,69,0,0,28,2,0,1,91,3,0,0,0,0,NA,NA,26,0,NA,NA,NA,NA,NA,NA,NA,NA,NA,NA,NA,NA,NA
87105,1,54,0,0,28,2,0,1,91,3,0,1,0,3,NA,NA,15,1,NA,NA,NA,NA,NA,NA,NA,NA,NA,NA,NA,NA,NA
92584,1,61,0,0,28,2,0,1,91,3,0,0,0,0,0,0,20,NA,25,0,76,98,0,23,156,35,5,10,1,27,25
93636,1,65,1,0,28,2,0,1,91,3,0,0,0,0,0,0,16,NA,26,0,76,93,0,23,156,35,5,10,1,27,62.5
96790,1,57,0,0,28,2,0,1,91,3,0,0,0,0,0,0,20,NA,26,0,56,86,0,23,156,35,5,10,1,27,30
96957,1,61,0,0,28,2,0,1,91,3,0,0,0,0,NA,NA,12,1,NA,NA,NA,NA,NA,NA,NA,NA,NA,NA,NA,NA,NA
320,1,58,0,0,35,3,0,0,45,2,0,0,0,1,0,2,21,NA,25,0,58,86,0,38,196,22,2,63,3,37,19.047619047619047
12039,1,62,0,0,35,3,0,0,45,2,0,1,0,3,3,3,18,NA,16,0,51,78,0,38,196,22,2,63,3,37,-11.11111111111111
16198,1,41,0,0,35,3,0,0,45,2,0,1,0,3,NA,NA,4,1,NA,NA,NA,NA,NA,NA,NA,NA,NA,NA,NA,NA,NA
20056,1,68,0,0,35,3,0,0,45,2,0,0,0,0,0,1,33,NA,35,0,134,132,0,38,196,22,2,63,3,37,6.0606060606060606
26079,1,55,1,0,35,3,0,0,45,2,0,0,0,2,0,0,17,NA,17,0,54,87,0,38,196,22,2,63,3,37,0
26194,1,58,1,0,35,3,0,0,45,2,0,0,0,0,0,0,19,NA,25,0,114,128,0,38,196,22,2,63,3,37,31.57894736842105
29507,1,50,0,0,35,3,0,0,45,2,0,1,0,3,NA,NA,19,1,NA,NA,NA,NA,NA,NA,NA,NA,NA,NA,NA,NA,NA
29813,1,63,0,0,35,3,0,0,45,2,1,0,0,0,0,0,27,NA,24,0,102,112,0,38,196,22,2,63,3,37,-11.11111111111111
30395,1,64,0,0,35,3,0,0,45,2,0,0,0,0,3,2,26,NA,21,0,68,88,0,38,196,22,2,63,3,37,-19.230769230769234
35936,1,67,1,0,35,3,0,0,45,2,0,0,0,0,0,0,27,NA,28,0,77,92,0,38,196,22,2,63,3,37,3.7037037037037033
38478,1,50,0,0,35,3,0,0,45,2,0,1,0,3,NA,NA,14,1,NA,NA,NA,NA,NA,NA,NA,NA,NA,NA,NA,NA,NA
44996,1,49,0,0,35,3,0,0,45,2,0,0,0,0,NA,NA,15,0,NA,NA,NA,NA,NA,NA,NA,NA,NA,NA,NA,NA,NA
74716,1,63,1,0,35,3,0,0,45,2,0,0,0,0,0,0,31,NA,30,0,105,114,0,38,196,22,2,63,3,37,-3.225806451612903
74926,1,67,0,0,35,3,0,0,45,2,0,1,0,2,NA,NA,19,0,NA,NA,NA,NA,NA,NA,NA,NA,NA,NA,NA,NA,NA
79498,1,46,1,0,35,3,0,0,45,2,0,0,0,0,0,0,13,NA,20,0,75,114,0,38,196,22,2,63,3,37,53.84615384615385
81521,1,66,0,0,35,3,0,0,45,2,0,0,0,0,0,0,11,NA,19,0,55,78,0,38,196,22,2,63,3,37,72.72727272727273
87192,1,49,0,0,35,3,0,0,45,2,1,0,0,0,0,0,13,NA,19,0,38,78,0,38,196,22,2,63,3,37,46.15384615384615
90875,1,68,0,0,35,3,0,0,45,2,0,0,0,0,0,2,30,NA,32,0,116,118,0,38,196,22,2,63,3,37,6.666666666666667
97134,1,67,0,0,35,3,0,0,45,2,0,0,0,0,NA,NA,25,0,NA,NA,NA,NA,NA,NA,NA,NA,NA,NA,NA,NA,NA
10554,1,59,1,0,23,4,1,0,0,2,0,0,0,0,0,0,24,NA,28,0,98,116,0,29,150,22,3,6,3,30,16.666666666666664
11066,1,69,0,0,23,4,1,0,0,2,0,0,0,0,1,1,23,NA,26,0,96,102,0,29,150,22,3,6,3,30,13.043478260869565
14682,1,61,0,0,23,4,1,0,0,2,0,0,0,0,0,1,28,NA,31,0,109,122,0,29,150,22,3,6,3,30,10.714285714285714
21507,1,62,1,0,23,4,1,0,0,2,0,0,0,0,0,0,28,NA,28,0,112,121,0,29,150,22,3,6,3,30,0
29324,1,67,1,0,23,4,1,0,0,2,0,0,0,0,0,0,29,NA,28,0,113,115,0,29,150,22,3,6,3,30,-3.4482758620689653
32012,1,64,1,0,23,4,1,0,0,2,0,0,0,0,0,0,25,NA,28,0,103,113,0,29,150,22,3,6,3,30,12
34697,1,65,1,0,23,4,1,0,0,2,0,0,0,0,0,0,20,NA,28,0,107,115,0,29,150,22,3,6,3,30,40
41016,1,59,1,0,23,4,1,0,0,2,0,0,0,0,0,0,23,NA,31,0,80,101,0,29,150,22,3,6,3,30,34.78260869565217
42810,1,64,0,0,23,4,1,0,0,2,0,0,0,0,NA,NA,20,0,NA,NA,NA,NA,NA,NA,NA,NA,NA,NA,NA,NA,NA
46118,1,65,0,0,23,4,1,0,0,2,0,0,0,0,0,1,22,NA,22,0,101,109,0,29,150,22,3,6,3,30,0
55042,1,68,0,0,23,4,1,0,0,2,0,0,0,0,1,1,28,NA,25,0,105,110,0,29,150,22,3,6,3,30,-10.714285714285714
56124,1,63,1,0,23,4,1,0,0,2,0,0,0,0,0,0,26,NA,24,0,91,104,0,29,150,22,3,6,3,30,-7.6923076923076925
57969,1,61,1,0,23,4,1,0,0,2,0,0,0,0,0,0,26,NA,31,0,93,110,0,29,150,22,3,6,3,30,19.230769230769234
64890,1,57,1,0,23,4,1,0,0,2,0,0,0,1,NA,NA,25,0,NA,NA,NA,NA,NA,NA,NA,NA,NA,NA,NA,NA,NA
71805,1,58,1,0,23,4,1,0,0,2,0,0,0,0,NA,NA,25,0,NA,NA,NA,NA,NA,NA,NA,NA,NA,NA,NA,NA,NA
77615,1,59,0,0,23,4,1,0,0,2,0,0,0,0,NA,NA,30,0,NA,NA,NA,NA,NA,NA,NA,NA,NA,NA,NA,NA,NA
88131,1,66,1,0,23,4,1,0,0,2,0,0,0,0,0,1,32,NA,34,0,132,133,0,29,150,22,3,6,3,30,6.25
91767,1,68,0,0,23,4,1,0,0,2,0,0,0,0,0,0,33,NA,30,0,109,113,0,29,150,22,3,6,3,30,-9.090909090909092
322,0,51,1,0,11,5,0,0,41,2,0,0,0,0,3,2,21,NA,24,0,85,98,0,NA,NA,NA,NA,17,1,6,14.285714285714285
323,0,45,1,0,11,5,0,0,41,2,0,0,0,0,2,2,13,NA,15,0,NA,49,1,NA,NA,NA,NA,17,1,6,15.384615384615385
324,0,48,1,0,11,5,0,0,41,2,0,0,0,1,0,0,14,NA,25,0,58,80,0,NA,NA,NA,NA,17,1,6,78.57142857142857
325,0,56,0,0,11,5,0,0,41,2,0,0,0,0,0,0,23,NA,28,0,115,119,0,NA,NA,NA,NA,17,1,6,21.73913043478261
326,0,45,0,0,11,5,0,0,41,2,0,0,0,0,0,1,28,NA,23,0,62,82,0,NA,NA,NA,NA,17,1,6,-17.857142857142858
327,0,103,0,0,11,5,0,0,41,2,0,1,1,3,NA,NA,11,1,NA,NA,NA,NA,NA,NA,NA,NA,NA,NA,NA,NA,NA
328,0,56,1,0,11,5,0,0,41,2,0,0,0,0,NA,NA,23,0,NA,NA,NA,NA,NA,NA,NA,NA,NA,NA,NA,NA,NA
329,0,50,0,0,11,5,0,0,41,2,0,0,0,1,1,1,22,NA,23,0,80,94,0,NA,NA,NA,NA,17,1,6,4.545454545454546
330,0,50,1,0,11,5,0,0,41,2,0,0,0,0,1,1,22,NA,22,0,75,90,0,NA,NA,NA,NA,17,1,6,0
11977,0,61,0,0,31,5,0,0,41,2,0,0,0,0,NA,NA,23,0,NA,NA,NA,NA,NA,NA,NA,NA,NA,NA,NA,NA,NA
17481,0,60,1,0,31,5,0,0,41,2,0,0,0,0,0,0,27,NA,25,0,99,114,0,NA,NA,NA,NA,NA,NA,NA,-7.4074074074074066
22333,0,51,1,0,31,5,0,0,41,2,0,0,0,1,NA,NA,23,0,NA,NA,NA,NA,NA,NA,NA,NA,NA,NA,NA,NA,NA
32879,0,59,0,0,31,5,0,0,41,2,0,0,0,0,0,1,24,NA,24,0,107,122,0,NA,NA,NA,NA,NA,NA,NA,0
55853,0,59,0,0,31,5,0,0,41,2,0,0,0,0,0,0,28,NA,32,0,107,120,0,NA,NA,NA,NA,NA,NA,NA,14.285714285714285
65624,0,51,1,0,31,5,0,0,41,2,0,0,0,0,0,0,15,NA,21,0,60,83,0,NA,NA,NA,NA,NA,NA,NA,40
66632,0,63,1,0,31,5,0,0,41,2,0,0,0,1,NA,NA,13,1,NA,NA,NA,NA,NA,NA,NA,NA,NA,NA,NA,NA,NA
99534,0,63,1,0,31,5,0,0,41,2,0,0,0,0,0,1,27,NA,25,0,89,105,0,NA,NA,NA,NA,NA,NA,NA,-7.4074074074074066
319,1,52,0,0,32,6,0,1,89,2,0,0,0,2,0,0,22,NA,20,0,54,89,0,13,154,NA,NA,NA,NA,NA,-9.090909090909092
14685,1,64,1,0,32,6,0,1,89,2,0,0,0,0,0,0,23,NA,18,0,NA,32,1,13,154,NA,NA,NA,NA,NA,-21.73913043478261
17113,1,67,1,0,32,6,0,1,89,2,1,0,0,0,0,0,19,NA,15,0,68,86,0,13,154,NA,NA,NA,NA,NA,-21.052631578947366
22541,1,52,1,0,32,6,0,1,89,2,0,0,0,0,0,0,27,NA,26,0,87,116,0,13,154,NA,NA,NA,NA,NA,-3.7037037037037033
27811,1,62,1,0,32,6,0,1,89,2,1,0,0,0,0,0,15,NA,15,0,54,80,0,13,154,NA,NA,NA,NA,NA,0
39865,1,63,1,0,32,6,0,1,89,2,0,0,0,0,NA,0,12,NA,NA,0,51,78,0,NA,NA,NA,NA,NA,NA,NA,NA
45275,1,58,1,0,32,6,0,1,89,2,1,0,0,0,0,0,14,NA,16,1,27,62,1,NA,NA,NA,NA,NA,NA,NA,14.285714285714285
66629,1,61,1,0,32,6,0,1,89,2,0,0,0,0,3,3,29,NA,31,0,118,129,0,13,154,NA,NA,NA,NA,NA,6.896551724137931
76094,1,65,1,0,32,6,0,1,89,2,1,0,0,0,0,0,28,NA,21,0,71,89,0,13,154,NA,NA,NA,NA,NA,-25
77446,1,62,0,0,32,6,0,1,89,2,1,0,0,1,0,0,13,NA,17,0,33,64,0,13,154,NA,NA,NA,NA,NA,30.76923076923077
81201,1,68,1,0,32,6,0,1,89,2,1,0,0,0,0,0,19,NA,21,0,46,71,0,13,154,NA,NA,NA,NA,NA,10.526315789473683
84752,1,65,0,0,32,6,0,1,89,2,1,0,0,0,0,NA,17,NA,19,1,NA,NA,0,NA,NA,NA,NA,NA,NA,NA,11.76470588235294
88977,1,60,0,0,32,6,0,1,89,2,1,0,0,0,0,2,27,NA,26,0,73,96,0,13,154,NA,NA,NA,NA,NA,-3.7037037037037033
96310,1,69,1,0,32,6,0,1,89,2,0,0,0,0,NA,NA,21,0,NA,NA,NA,NA,NA,NA,NA,NA,NA,NA,NA,NA,NA
96721,1,68,0,0,32,6,0,1,89,2,1,0,0,0,0,0,26,NA,23,0,66,83,0,13,154,NA,NA,NA,NA,NA,-11.538461538461538
505,1,59,1,0,15,7,0,1,63,3,1,0,0,0,0,0,19,NA,27,0,92,111,0,33,147,NA,NA,0,2,21,42.10526315789473
506,1,63,0,0,15,7,0,1,63,3,0,0,0,1,NA,NA,24,0,NA,NA,NA,NA,NA,NA,NA,NA,NA,NA,NA,NA,NA
507,1,62,1,0,15,7,0,1,63,3,0,0,0,0,0,0,24,NA,28,0,104,115,0,33,147,NA,NA,0,2,21,16.666666666666664
508,1,63,0,0,21,7,0,1,63,3,1,0,0,0,NA,NA,21,0,NA,NA,NA,NA,NA,NA,NA,NA,NA,NA,NA,NA,NA
509,1,65,1,0,21,7,0,1,63,3,1,0,0,0,0,0,22,NA,23,0,79,96,0,19,131,NA,NA,0,2,12,4.545454545454546
510,1,66,0,0,21,7,0,1,63,3,1,0,0,0,NA,NA,16,0,NA,NA,NA,NA,NA,NA,NA,NA,NA,NA,NA,NA,NA
518,1,81,0,1,29,7,0,1,63,3,0,0,0,0,NA,NA,32,0,NA,NA,NA,NA,NA,NA,NA,NA,NA,NA,NA,NA,NA
519,1,74,1,1,29,7,0,1,63,3,0,0,0,0,0,0,31,NA,30,0,135,128,0,32,163,10,2,10,3,1,-3.225806451612903
520,1,73,1,1,29,7,0,1,63,3,0,0,0,0,0,0,34,NA,36,0,119,116,0,32,163,10,2,10,3,1,5.88235294117647
521,1,70,0,1,29,7,0,1,63,3,0,0,0,0,0,0,27,NA,32,0,108,110,0,32,163,10,2,10,3,1,18.51851851851852
522,1,75,0,1,29,7,0,1,63,3,0,0,0,0,0,0,29,NA,27,0,119,116,0,32,163,10,2,10,3,1,-6.896551724137931
515,1,69,1,0,30,7,0,1,63,3,0,0,0,0,0,0,27,NA,30,0,104,107,0,33,147,NA,NA,83,1,13,11.11111111111111
516,1,65,0,0,30,7,0,1,63,3,0,0,0,0,0,0,20,NA,18,0,70,88,0,33,147,NA,NA,83,1,13,-10
517,1,67,1,0,30,7,0,1,63,3,0,0,0,0,0,0,19,NA,19,0,71,88,0,33,147,NA,NA,83,1,13,0
511,1,61,1,0,55,7,0,1,63,3,1,0,0,0,0,0,27,NA,23,0,86,105,0,19,131,NA,NA,100,2,15,-14.814814814814813
512,1,68,0,0,55,7,0,1,63,3,1,0,0,0,0,0,22,NA,17,0,79,91,0,19,131,NA,NA,100,2,15,-22.727272727272727
513,1,69,1,0,55,7,0,1,63,3,1,0,0,0,NA,NA,25,0,NA,NA,NA,NA,NA,NA,NA,NA,NA,NA,NA,NA,NA
514,1,68,0,0,55,7,0,1,63,3,1,0,0,0,NA,NA,16,0,NA,NA,NA,NA,NA,NA,NA,NA,NA,NA,NA,NA,NA
200,1,73,1,1,46,8,0,1,94,3,0,0,0,1,0,0,19,NA,25,0,77,87,0,20,108,3,NA,50,3,6,31.57894736842105
201,1,81,0,1,46,8,0,1,94,3,0,0,0,1,0,0,20,NA,26,0,61,71,0,20,108,3,NA,50,3,6,30
203,1,78,0,1,46,8,0,1,94,3,0,0,0,0,0,0,28,NA,31,0,111,104,0,20,108,3,NA,50,3,6,10.714285714285714
204,1,78,1,1,46,8,0,1,94,3,0,0,0,0,0,0,23,NA,26,0,103,99,0,20,108,3,NA,50,3,6,13.043478260869565
205,1,67,1,1,46,8,0,1,94,3,0,0,0,0,0,0,23,NA,27,0,100,109,0,20,108,3,NA,50,3,6,17.391304347826086
206,1,76,1,1,46,8,0,1,94,3,0,0,0,0,0,0,26,NA,25,0,103,101,0,20,108,3,NA,50,3,6,-3.8461538461538463
207,1,78,0,1,46,8,0,1,94,3,0,0,0,1,0,0,25,NA,24,0,84,86,0,20,108,3,NA,50,3,6,-4
208,1,76,0,1,46,8,0,1,94,3,0,0,0,0,0,0,21,NA,26,0,75,82,0,20,108,3,NA,50,3,6,23.809523809523807
209,1,83,0,1,46,8,0,1,94,3,0,0,1,0,0,NA,33,NA,30,1,NA,NA,0,NA,NA,NA,NA,NA,NA,NA,-9.090909090909092
210,1,81,1,1,46,8,0,1,94,3,0,0,0,0,0,0,18,NA,24,0,57,71,0,20,108,3,NA,50,3,6,33.33333333333333
211,1,78,1,1,46,8,0,1,94,3,0,0,0,NA,0,NA,24,NA,28,0,107,101,0,20,108,3,NA,50,3,6,16.666666666666664
212,1,80,1,1,46,8,0,1,94,3,0,0,0,0,0,NA,27,NA,26,0,107,99,0,20,108,3,NA,50,3,6,-3.7037037037037033
213,1,75,1,1,46,8,0,1,94,3,0,0,0,0,NA,NA,21,0,NA,NA,NA,NA,NA,NA,NA,NA,NA,NA,NA,NA,NA
214,1,70,0,1,46,8,0,1,94,3,0,0,0,0,NA,NA,20,0,NA,NA,NA,NA,NA,NA,NA,NA,NA,NA,NA,NA,NA
10710,1,53,1,0,3,9,0,0,77,2,0,0,0,0,NA,NA,23,NA,NA,0,72,103,0,NA,NA,NA,NA,NA,NA,NA,NA
17540,1,65,0,0,3,9,0,0,77,2,0,0,0,2,1,NA,25,NA,29,0,82,98,0,1,42,19,2,50,1,15,16
18290,1,46,1,0,3,9,0,0,77,2,0,0,0,0,0,NA,16,NA,15,0,50,94,0,1,42,19,2,50,1,15,-6.25
44484,1,68,0,0,3,9,0,0,77,2,0,0,0,0,0,0,18,NA,23,0,57,78,0,1,42,19,2,50,1,15,27.77777777777778
55876,1,52,0,0,3,9,0,0,77,2,0,0,0,0,0,0,14,NA,25,0,58,92,0,1,42,19,2,50,1,15,78.57142857142857
62321,1,60,1,0,3,9,0,0,77,2,0,0,0,1,NA,NA,10,1,NA,NA,NA,NA,NA,NA,NA,NA,NA,NA,NA,NA,NA
65576,1,68,0,0,3,9,0,0,77,2,0,0,0,0,0,1,20,NA,17,0,57,78,0,1,42,19,2,50,1,15,-15
67117,1,68,0,0,3,9,0,0,77,2,0,0,0,1,1,1,22,NA,27,0,69,85,0,1,42,19,2,50,1,15,22.727272727272727
96992,1,62,1,0,3,9,0,0,77,2,0,0,0,0,1,1,15,NA,21,0,68,89,0,1,42,19,2,50,1,15,40
97010,1,50,0,0,3,9,0,0,77,2,0,0,0,0,0,0,22,NA,20,0,70,104,0,1,42,19,2,50,1,15,-9.090909090909092
99997,1,56,1,0,3,9,0,0,77,2,0,0,0,0,1,0,23,NA,21,0,73,100,0,1,42,19,2,50,1,15,-8.695652173913043
31286,1,51,1,0,43,9,0,0,77,2,0,0,0,1,NA,NA,18,0,NA,NA,NA,NA,NA,NA,NA,NA,NA,NA,NA,NA,NA
55218,1,61,0,0,43,9,0,0,77,2,0,0,0,0,0,0,17,NA,23,0,56,83,0,1,112,20,2,74,1.5,4,35.294117647058826
62182,1,49,0,0,43,9,0,0,77,2,0,0,0,0,1,0,18,NA,19,0,59,98,0,1,112,20,2,74,1.5,4,5.555555555555555
78441,1,62,1,0,43,9,0,0,77,2,0,0,0,0,0,0,10,NA,11,0,45,74,0,1,112,20,2,74,1.5,4,10
90247,1,64,0,0,43,9,0,0,77,2,0,0,0,NA,0,0,19,NA,16,0,35,64,0,1,112,20,2,74,1.5,4,-15.789473684210526
14031,1,51,0,0,59,10,0,1,93,2,0,1,0,3,0,0,9,NA,11,0,29,72,0,0,21,NA,NA,NA,1,11,22.22222222222222
18000,1,66,1,0,59,10,0,1,93,2,1,0,0,2,0,0,13,NA,13,0,35,64,0,0,21,NA,NA,NA,1,11,0
23588,1,67,0,0,59,10,0,1,93,2,1,1,0,1,NA,0,12,NA,18,0,43,70,0,0,21,NA,NA,NA,1,11,50
24926,1,51,0,0,59,10,0,1,93,2,0,0,0,1,3,3,18,NA,18,0,NA,59,1,0,21,NA,NA,NA,1,11,0
26258,1,65,1,0,59,10,0,1,93,2,1,0,0,0,NA,1,13,NA,11,0,42,70,0,0,21,NA,NA,NA,1,11,-15.384615384615385
27876,1,67,0,0,59,10,0,1,93,2,1,1,0,1,0,0,22,NA,18,0,63,83,0,0,21,NA,NA,NA,1,11,-18.181818181818183
36215,1,59,1,0,59,10,0,1,93,2,1,0,0,1,0,0,20,NA,16,0,75,99,0,0,21,NA,NA,NA,1,11,-20
37389,1,47,1,0,59,10,0,1,93,2,1,1,0,2,3,3,17,NA,13,0,41,88,0,0,21,NA,NA,NA,1,11,-23.52941176470588
41638,1,58,0,0,59,10,0,1,93,2,0,0,0,1,0,0,15,NA,22,0,63,89,0,0,21,NA,NA,NA,1,11,46.666666666666664
43513,1,61,1,0,59,10,0,1,93,2,0,0,0,1,0,1,24,NA,19,0,68,91,0,0,21,NA,NA,NA,1,11,-20.833333333333336
51372,1,59,0,0,59,10,0,1,93,2,1,1,0,1,2,0,13,NA,14,0,33,67,0,0,21,NA,NA,NA,1,11,7.6923076923076925
54418,1,62,0,0,59,10,0,1,93,2,0,0,0,0,0,0,16,NA,15,0,21,54,0,0,21,NA,NA,NA,1,11,-6.25
69150,1,64,1,0,59,10,0,1,93,2,1,0,0,NA,0,0,22,NA,23,0,65,86,0,0,21,NA,NA,NA,1,11,4.545454545454546
69620,1,67,1,0,59,10,0,1,93,2,0,0,0,2,NA,NA,13,0,NA,NA,NA,NA,NA,NA,NA,NA,NA,NA,NA,NA,NA
72981,1,68,0,0,59,10,0,1,93,2,0,0,0,NA,0,3,23,NA,22,0,98,105,0,0,21,NA,NA,NA,1,11,-4.3478260869565215
77738,1,52,1,0,59,10,0,1,93,2,0,0,0,1,NA,NA,12,0,NA,NA,NA,NA,NA,NA,NA,NA,NA,NA,NA,NA,NA
78107,1,56,0,0,59,10,0,1,93,2,1,0,0,3,0,0,10,NA,14,0,20,56,0,0,21,NA,NA,NA,1,11,40
79513,1,66,0,0,59,10,0,1,93,2,1,0,0,1,NA,0,17,NA,16,0,52,76,0,0,21,NA,NA,NA,1,11,-5.88235294117647
80354,1,67,0,0,59,10,0,1,93,2,1,0,0,0,0,0,20,NA,19,0,55,77,0,0,21,NA,NA,NA,1,11,-5
12515,1,52,1,0,13,11,0,0,20,2,0,0,0,2,1,3,18,NA,23,0,66,98,0,11,95,15,3,0,1.5,8,27.77777777777778
19113,1,65,1,0,13,11,0,0,20,2,0,0,0,0,0,0,29,NA,32,0,93,106,0,11,95,15,3,0,1.5,8,10.344827586206897
23265,1,64,1,0,13,11,0,0,20,2,0,0,0,1,0,0,20,NA,21,0,84,100,0,11,95,15,3,0,1.5,8,5
23842,1,67,1,0,13,11,0,0,20,2,0,0,0,0,1,3,28,NA,19,0,75,90,0,11,95,15,3,0,1.5,8,-32.142857142857146
31822,1,53,0,0,13,11,0,0,20,2,0,0,0,1,NA,NA,15,1,NA,NA,NA,NA,NA,NA,NA,NA,NA,NA,NA,NA,NA
59619,1,66,0,0,13,11,0,0,20,2,0,0,0,0,0,0,29,NA,28,0,89,101,0,11,95,15,3,0,1.5,8,-3.4482758620689653
73477,1,69,0,0,13,11,0,0,20,2,0,0,0,0,0,0,32,NA,31,0,114,116,0,11,95,15,3,0,1.5,8,-3.125
74278,1,67,0,0,13,11,0,0,20,2,0,1,0,1,1,1,21,NA,27,0,80,94,0,11,95,15,3,0,1.5,8,28.57142857142857
89378,1,67,1,0,13,11,0,0,20,2,0,0,0,1,0,0,27,NA,31,0,130,131,0,11,95,15,3,0,1.5,8,14.814814814814813
29020,1,63,1,0,53,11,0,0,20,2,0,0,0,0,0,0,25,NA,30,0,100,111,0,40,74,15,5,0,2,14,20
29560,1,62,0,0,53,11,0,0,20,2,0,0,0,0,NA,NA,27,0,NA,NA,NA,NA,NA,NA,NA,NA,NA,NA,NA,NA,NA
55029,1,61,0,0,53,11,0,0,20,2,0,1,0,0,NA,NA,29,0,NA,NA,NA,NA,NA,NA,NA,NA,NA,NA,NA,NA,NA
57505,1,58,1,0,53,11,0,0,20,2,0,0,0,0,NA,NA,24,0,NA,NA,NA,NA,NA,NA,NA,NA,NA,NA,NA,NA,NA
61594,1,62,1,0,53,11,0,0,20,2,0,0,0,0,NA,NA,26,0,NA,NA,NA,NA,NA,NA,NA,NA,NA,NA,NA,NA,NA
77030,1,63,0,0,53,11,0,0,20,2,0,0,0,0,0,0,34,NA,32,0,119,128,0,40,74,15,5,0,2,14,-5.88235294117647
78882,1,60,0,0,53,11,0,0,20,2,0,0,0,1,0,2,22,NA,23,0,74,96,0,40,74,15,5,0,2,14,4.545454545454546
84122,1,58,0,0,53,11,0,0,20,2,0,1,0,2,NA,NA,20,0,NA,NA,NA,NA,NA,NA,NA,NA,NA,NA,NA,NA,NA
90225,1,60,1,0,53,11,0,0,20,2,0,0,0,1,0,0,26,NA,33,0,84,104,0,40,74,15,5,0,2,14,26.923076923076923
13016,0,65,0,0,50,12,0,1,94,2,0,0,0,0,0,0,21,NA,28,0,108,116,0,NA,NA,NA,NA,0,2.5,5,33.33333333333333
14863,0,51,1,0,50,12,0,1,94,2,0,0,0,2,NA,NA,12,1,NA,NA,NA,NA,NA,NA,NA,NA,NA,NA,NA,NA,NA
15624,0,59,1,0,50,12,0,1,94,2,0,0,0,1,1,1,20,NA,28,0,92,111,0,NA,NA,NA,NA,0,2.5,5,40
30960,0,64,1,0,50,12,0,1,94,2,0,0,0,0,NA,NA,21,0,NA,NA,NA,NA,NA,NA,NA,NA,NA,NA,NA,NA,NA
34134,0,64,1,0,50,12,0,1,94,2,0,0,0,0,0,0,24,NA,26,0,107,115,0,NA,NA,NA,NA,0,2.5,5,8.333333333333332
35332,0,67,0,0,50,12,0,1,94,2,1,0,0,2,NA,NA,13,1,NA,NA,NA,NA,NA,NA,NA,NA,NA,NA,NA,NA,NA
35373,0,57,0,0,50,12,0,1,94,2,0,0,0,0,0,1,19,NA,23,0,72,99,0,NA,NA,NA,NA,0,2.5,5,21.052631578947366
51872,0,55,0,0,50,12,0,1,94,2,0,0,0,1,2,3,18,NA,20,0,73,100,0,NA,NA,NA,NA,0,2.5,5,11.11111111111111
56423,0,63,1,0,50,12,0,1,94,2,0,0,0,1,0,0,24,NA,23,0,96,110,0,NA,NA,NA,NA,0,2.5,5,-4.166666666666666
59972,0,59,1,0,50,12,0,1,94,2,0,0,0,2,1,2,14,NA,19,0,36,70,0,NA,NA,NA,NA,0,2.5,5,35.714285714285715
64550,0,67,1,0,50,12,0,1,94,2,0,0,0,0,0,0,26,NA,27,0,102,110,0,NA,NA,NA,NA,0,2.5,5,3.8461538461538463
67042,0,56,1,0,50,12,0,1,94,2,0,0,0,1,0,0,23,NA,19,0,53,84,0,NA,NA,NA,NA,0,2.5,5,-17.391304347826086
68950,0,59,0,0,50,12,0,1,94,2,0,0,0,0,NA,NA,21,0,NA,NA,NA,NA,NA,NA,NA,NA,NA,NA,NA,NA,NA
81507,0,46,0,0,50,12,0,1,94,2,0,0,0,2,1,1,16,NA,12,0,40,87,0,NA,NA,NA,NA,0,2.5,5,-25
85588,0,68,0,0,50,12,0,1,94,2,0,0,0,1,0,1,24,NA,27,0,84,96,0,NA,NA,NA,NA,0,2.5,5,12.5
98691,0,69,1,0,50,12,0,1,94,2,0,0,0,0,NA,NA,23,0,NA,NA,NA,NA,NA,NA,NA,NA,NA,NA,NA,NA,NA
99813,0,66,1,0,50,12,0,1,94,2,0,0,0,0,NA,NA,16,0,NA,NA,NA,NA,NA,NA,NA,NA,NA,NA,NA,NA,NA
99933,0,65,1,0,50,12,0,1,94,2,0,0,0,0,0,0,29,NA,26,0,101,111,0,NA,NA,NA,NA,0,2.5,5,-10.344827586206897
10998,0,72,0,1,54,13,0,0,34,2,0,0,0,2,NA,NA,29,0,NA,NA,NA,NA,NA,NA,NA,NA,NA,NA,NA,NA,NA
20624,0,85,1,1,54,13,0,0,34,2,0,0,0,0,0,0,30,NA,29,0,103,90,0,NA,NA,NA,NA,0,2,8,-3.3333333333333335
22082,0,79,0,1,54,13,0,0,34,2,0,0,0,0,NA,NA,29,0,NA,NA,NA,NA,NA,NA,NA,NA,NA,NA,NA,NA,NA
27374,0,81,0,1,54,13,0,0,34,2,0,0,0,0,0,0,22,NA,25,0,109,98,0,NA,NA,NA,NA,0,2,8,13.636363636363635
34210,0,77,1,1,54,13,0,0,34,2,0,0,0,NA,0,0,26,NA,29,0,127,117,0,NA,NA,NA,NA,0,2,8,11.538461538461538
36471,0,74,0,1,54,13,0,0,34,2,0,0,0,NA,0,0,28,NA,31,0,116,113,0,NA,NA,NA,NA,0,2,8,10.714285714285714
37998,0,74,1,1,54,13,0,0,34,2,0,0,0,0,0,1,24,NA,26,0,98,99,0,NA,NA,NA,NA,0,2,8,8.333333333333332
39534,0,73,1,1,54,13,0,0,34,2,0,0,0,0,NA,NA,28,0,NA,NA,NA,NA,NA,NA,NA,NA,NA,NA,NA,NA,NA
43671,0,70,1,1,54,13,0,0,34,2,0,0,0,2,2,1,26,NA,30,0,92,99,0,NA,NA,NA,NA,0,2,8,15.384615384615385
51031,0,75,1,1,54,13,0,0,34,2,0,0,0,0,0,0,23,NA,26,0,79,84,0,NA,NA,NA,NA,0,2,8,13.043478260869565
56451,0,81,0,1,54,13,0,0,34,2,0,0,0,0,0,0,31,NA,31,0,125,111,0,NA,NA,NA,NA,0,2,8,0
61175,0,86,0,1,54,13,0,0,34,2,0,0,0,0,0,0,31,NA,32,0,127,108,0,NA,NA,NA,NA,0,2,8,3.225806451612903
68848,0,70,0,1,54,13,0,0,34,2,0,0,0,2,NA,NA,29,0,NA,NA,NA,NA,NA,NA,NA,NA,NA,NA,NA,NA,NA
71191,0,72,1,1,54,13,0,0,34,2,0,0,0,0,0,0,27,NA,32,0,113,111,0,NA,NA,NA,NA,0,2,8,18.51851851851852
74396,0,73,0,1,54,13,0,0,34,2,0,0,0,2,0,0,23,NA,30,0,102,102,0,NA,NA,NA,NA,0,2,8,30.434782608695656
75356,0,73,0,1,54,13,0,0,34,2,0,0,0,1,NA,NA,27,0,NA,NA,NA,NA,NA,NA,NA,NA,NA,NA,NA,NA,NA
82566,0,72,1,1,54,13,0,0,34,2,0,0,0,0,0,0,30,NA,30,0,123,120,0,NA,NA,NA,NA,0,2,8,0
96061,0,79,0,1,54,13,0,0,34,2,0,0,0,0,NA,NA,31,0,NA,NA,NA,NA,NA,NA,NA,NA,NA,NA,NA,NA,NA
10989,1,81,0,1,37,14,0,1,45,1,0,0,0,0,0,0,33,NA,33,0,126,112,0,21,89,22,5,10,2,45,0
13068,1,80,0,1,37,14,0,1,45,1,0,0,0,0,0,1,34,NA,33,0,111,102,0,21,89,22,5,10,2,45,-2.941176470588235
19922,1,80,0,1,37,14,0,1,45,1,0,0,0,NA,0,0,31,NA,28,0,101,94,0,21,89,22,5,10,2,45,-9.67741935483871
22793,1,71,1,1,37,14,0,1,45,1,0,0,0,0,NA,NA,35,0,NA,NA,NA,NA,NA,NA,NA,NA,NA,NA,NA,NA,NA
25338,1,76,1,1,37,14,0,1,45,1,0,0,0,0,0,1,29,NA,30,0,108,104,0,21,89,22,5,10,2,45,3.4482758620689653
28641,1,72,1,1,37,14,0,1,45,1,0,0,0,1,0,0,34,NA,34,0,124,120,0,21,89,22,5,10,2,45,0
41475,1,77,0,1,37,14,0,1,45,1,0,0,0,0,0,0,32,NA,33,0,91,89,0,21,89,22,5,10,2,45,3.125
45247,1,76,0,1,37,14,0,1,45,1,0,0,0,0,NA,NA,22,0,NA,NA,NA,NA,NA,NA,NA,NA,NA,NA,NA,NA,NA
64986,1,74,0,1,37,14,0,1,45,1,0,0,0,0,NA,NA,28,0,NA,NA,NA,NA,NA,NA,NA,NA,NA,NA,NA,NA,NA
70112,1,82,1,1,37,14,0,1,45,1,0,0,0,0,NA,NA,34,0,NA,NA,NA,NA,NA,NA,NA,NA,NA,NA,NA,NA,NA
78430,1,67,1,1,37,14,0,1,45,1,0,0,0,0,0,0,24,NA,17,0,103,109,0,21,89,22,5,10,2,45,-29.166666666666668
82310,1,70,1,1,37,14,0,1,45,1,0,0,0,0,0,0,32,NA,30,0,114,114,0,21,89,22,5,10,2,45,-6.25
82893,1,71,0,1,37,14,0,1,45,1,0,0,0,0,0,0,27,NA,29,0,94,100,0,21,89,22,5,10,2,45,7.4074074074074066
88695,1,75,1,1,37,14,0,1,45,1,0,0,0,0,0,0,29,NA,27,0,89,91,0,21,89,22,5,10,2,45,-6.896551724137931
93115,1,76,0,1,37,14,0,1,45,1,0,0,0,0,NA,NA,29,0,NA,NA,NA,NA,NA,NA,NA,NA,NA,NA,NA,NA,NA
93328,1,70,1,1,37,14,0,1,45,1,0,0,0,0,0,0,29,NA,29,0,101,105,0,21,89,22,5,10,2,45,0
94571,1,78,1,1,37,14,0,1,45,1,0,0,0,0,1,0,28,NA,32,0,95,91,0,21,89,22,5,10,2,45,14.285714285714285
95162,1,78,0,1,37,14,0,1,45,1,0,0,0,0,0,0,33,NA,36,0,NA,NA,1,21,89,22,5,10,2,45,9.090909090909092
16483,0,69,0,0,57,15,1,0,0,1,0,0,0,2,0,2,32,NA,35,0,109,111,0,NA,NA,NA,NA,5,2,18,9.375
17714,0,60,0,0,57,15,1,0,0,1,0,0,1,0,NA,NA,20,1,NA,NA,NA,NA,NA,NA,NA,NA,NA,NA,NA,NA,NA
18454,0,70,0,0,57,15,1,0,0,1,0,0,1,NA,NA,NA,25,1,NA,NA,NA,NA,NA,NA,NA,NA,NA,NA,NA,NA,NA
38171,0,61,0,0,57,15,1,0,0,1,0,0,0,1,0,0,18,NA,25,0,83,103,0,NA,NA,NA,NA,5,2,18,38.88888888888889
42307,0,60,1,0,57,15,1,0,0,1,0,0,0,0,NA,NA,28,0,NA,NA,NA,NA,NA,NA,NA,NA,NA,NA,NA,NA,NA
47313,0,61,1,0,57,15,1,0,0,1,0,0,0,0,0,0,20,NA,23,0,67,90,0,NA,NA,NA,NA,5,2,18,15
48366,0,69,1,0,57,15,1,0,0,1,0,0,0,1,0,0,26,NA,26,0,89,97,0,NA,NA,NA,NA,5,2,18,0
65663,0,61,1,0,57,15,1,0,0,1,0,0,0,1,2,0,26,NA,32,0,117,125,0,NA,NA,NA,NA,5,2,18,23.076923076923077
68604,0,57,0,0,57,15,1,0,0,1,0,0,0,1,0,NA,28,NA,28,0,NA,NA,0,NA,NA,NA,NA,5,2,18,0
76167,0,57,0,0,57,15,1,0,0,1,0,0,0,0,0,2,25,NA,25,0,77,101,0,NA,NA,NA,NA,5,2,18,0
82254,0,58,1,0,57,15,1,0,0,1,0,0,1,2,NA,NA,19,1,NA,NA,NA,NA,NA,NA,NA,NA,NA,NA,NA,NA,NA
85418,0,70,1,0,57,15,1,0,0,1,0,0,0,0,0,0,26,NA,28,0,116,117,0,NA,NA,NA,NA,5,2,18,7.6923076923076925
88237,0,65,0,0,57,15,1,0,0,1,0,0,0,0,0,0,31,NA,30,0,109,115,0,NA,NA,NA,NA,5,2,18,-3.225806451612903
19548,1,74,1,1,2,16,0,1,53,3,0,0,0,0,0,0,29,NA,32,0,127,121,0,6,45,21,3,50,2,5,10.344827586206897
30929,1,80,1,1,2,16,0,1,53,3,0,0,0,1,0,0,29,NA,31,0,119,109,0,6,45,21,3,50,2,5,6.896551724137931
34033,1,72,0,1,2,16,0,1,53,3,0,0,0,0,0,0,25,NA,21,0,98,101,0,6,45,21,3,50,2,5,-16
34095,1,78,1,1,2,16,0,1,53,3,0,0,0,0,NA,NA,31,0,NA,NA,NA,NA,NA,NA,NA,NA,NA,NA,NA,NA,NA
46587,1,81,0,1,2,16,0,1,53,3,0,0,0,0,NA,NA,31,0,NA,NA,NA,NA,NA,NA,NA,NA,NA,NA,NA,NA,NA
49845,1,72,0,1,2,16,0,1,53,3,0,0,0,0,0,0,29,NA,31,0,110,109,0,6,45,21,3,50,2,5,6.896551724137931
57467,1,76,0,1,2,16,0,1,53,3,0,0,0,0,NA,NA,27,0,NA,NA,NA,NA,NA,NA,NA,NA,NA,NA,NA,NA,NA
64185,1,74,0,1,2,16,0,1,53,3,0,0,0,0,0,0,27,NA,32,0,109,108,0,6,45,21,3,50,2,5,18.51851851851852
64312,1,73,0,1,2,16,0,1,53,3,0,0,0,0,NA,NA,25,0,NA,NA,NA,NA,NA,NA,NA,NA,NA,NA,NA,NA,NA
72199,1,77,1,1,2,16,0,1,53,3,0,0,0,0,0,0,29,NA,28,0,124,114,0,6,45,21,3,50,2,5,-3.4482758620689653
72958,1,73,1,1,2,16,0,1,53,3,0,0,0,0,0,NA,28,NA,29,0,NA,NA,0,6,45,21,3,50,2,5,3.571428571428571
72978,1,73,1,1,2,16,0,1,53,3,0,0,0,0,0,0,27,NA,31,0,100,101,0,6,45,21,3,50,2,5,14.814814814814813
76599,1,72,0,1,2,16,0,1,53,3,0,0,0,0,0,0,30,NA,34,0,119,117,0,6,45,21,3,50,2,5,13.333333333333334
90046,1,81,0,1,2,16,0,1,53,3,0,0,0,0,0,0,34,NA,33,0,126,112,0,6,45,21,3,50,2,5,-2.941176470588235
98142,1,73,0,1,2,16,0,1,53,3,0,0,0,0,0,0,26,NA,29,0,109,108,0,6,45,21,3,50,2,5,11.538461538461538
98457,1,77,1,1,2,16,0,1,53,3,0,0,0,0,0,0,29,NA,31,0,99,98,0,6,45,21,3,50,2,5,6.896551724137931
21279,1,66,0,0,16,17,0,1,87,2,0,0,0,1,NA,NA,20,1,NA,NA,NA,NA,NA,NA,NA,NA,NA,NA,NA,NA,NA
33741,1,67,0,0,16,17,0,1,87,2,0,0,0,1,0,0,29,NA,31,0,118,121,0,29,119,23,2,0,2,30,6.896551724137931
33850,1,58,0,0,16,17,0,1,87,2,0,1,0,1,NA,1,12,NA,NA,NA,43,77,0,NA,NA,NA,NA,NA,NA,NA,NA
46449,1,65,1,0,16,17,0,1,87,2,0,0,0,0,NA,NA,19,0,NA,NA,NA,NA,NA,NA,NA,NA,NA,NA,NA,NA,NA
58323,1,58,0,0,16,17,0,1,87,2,0,0,0,0,0,1,19,NA,25,0,55,84,0,29,119,23,2,0,2,30,31.57894736842105
62347,1,59,1,0,16,17,0,1,87,2,0,0,0,0,0,NA,24,NA,26,0,NA,NA,0,29,119,23,2,0,2,30,8.333333333333332
78567,1,60,0,0,16,17,0,1,87,2,0,0,0,1,0,0,23,NA,28,0,96,112,0,29,119,23,2,0,2,30,21.73913043478261
91881,1,61,1,0,16,17,0,1,87,2,0,0,0,0,0,0,21,NA,26,0,90,108,0,29,119,23,2,0,2,30,23.809523809523807
19571,1,50,1,0,48,17,0,1,87,2,0,0,0,0,0,0,22,NA,21,0,63,98,0,15,57,20,2,27,2,7,-4.545454545454546
24945,1,49,0,0,48,17,0,1,87,2,0,0,0,1,0,0,18,NA,20,0,62,100,0,15,57,20,2,27,2,7,11.11111111111111
54852,1,65,1,0,48,17,0,1,87,2,0,0,0,0,NA,NA,25,0,NA,NA,NA,NA,NA,NA,NA,NA,NA,NA,NA,NA,NA
57269,1,55,1,0,48,17,0,1,87,2,0,0,0,0,0,0,25,NA,28,0,72,101,0,15,57,20,2,27,2,7,12
70538,1,51,1,0,48,17,0,1,87,2,0,0,0,1,1,0,14,NA,11,0,27,70,0,15,57,20,2,27,2,7,-21.428571428571427
72001,1,46,0,0,48,17,0,1,87,2,0,0,0,0,1,1,21,NA,24,0,39,86,0,15,57,20,2,27,2,7,14.285714285714285
73520,1,56,0,0,48,17,0,1,87,2,0,1,0,1,1,1,12,NA,18,0,32,68,0,15,57,20,2,27,2,7,50
79130,1,68,0,0,48,17,0,1,87,2,0,0,0,1,NA,NA,25,0,NA,NA,NA,NA,NA,NA,NA,NA,NA,NA,NA,NA,NA
79710,1,49,0,0,48,17,0,1,87,2,0,1,0,1,NA,NA,10,1,NA,NA,NA,NA,NA,NA,NA,NA,NA,NA,NA,NA,NA
83120,1,49,1,0,48,17,0,1,87,2,0,0,0,1,1,0,11,NA,15,0,39,82,0,15,57,20,2,27,2,7,36.36363636363637
10386,1,79,1,1,41,18,1,0,0,3,0,0,0,0,0,NA,28,NA,29,0,NA,NA,0,0,29,10,5,0,2,20,3.571428571428571
12973,1,75,0,1,41,18,1,0,0,3,0,0,0,1,0,0,29,NA,32,0,102,102,0,0,29,10,5,0,2,20,10.344827586206897
20427,1,80,1,1,41,18,1,0,0,3,0,0,0,0,0,0,26,NA,29,0,120,109,0,0,29,10,5,0,2,20,11.538461538461538
26782,1,70,0,1,41,18,1,0,0,3,0,0,0,1,0,0,30,NA,32,0,109,103,0,0,29,10,5,0,2,20,6.666666666666667
29395,1,79,1,1,41,18,1,0,0,3,0,0,0,0,0,0,30,NA,33,0,107,99,0,0,29,10,5,0,2,20,10
33592,1,72,0,1,41,18,1,0,0,3,0,0,0,1,0,0,22,NA,33,0,113,111,0,0,29,10,5,0,2,20,50
34938,1,79,1,1,41,18,1,0,0,3,0,0,0,0,NA,NA,31,0,NA,NA,NA,NA,NA,NA,NA,NA,NA,NA,NA,NA,NA
37103,1,79,1,1,41,18,1,0,0,3,0,0,0,0,NA,NA,32,0,NA,NA,NA,NA,NA,NA,NA,NA,NA,NA,NA,NA,NA
39982,1,80,0,1,41,18,1,0,0,3,0,0,0,1,NA,1,29,NA,34,0,120,109,0,0,29,10,5,0,2,20,17.24137931034483
50367,1,80,1,1,41,18,1,0,0,3,0,0,0,NA,NA,0,29,NA,30,0,107,99,0,0,29,10,5,0,2,20,3.4482758620689653
60127,1,79,1,1,41,18,1,0,0,3,0,0,0,0,NA,NA,35,0,NA,NA,NA,NA,NA,NA,NA,NA,NA,NA,NA,NA,NA
70121,1,76,1,1,41,18,1,0,0,3,0,0,0,0,0,0,35,NA,35,0,146,134,0,0,29,10,5,0,2,20,0
70574,1,74,0,1,41,18,1,0,0,3,0,0,0,0,0,0,25,NA,28,0,79,86,0,0,29,10,5,0,2,20,12
72872,1,80,0,1,41,18,1,0,0,3,0,0,0,0,NA,NA,28,0,NA,NA,NA,NA,NA,NA,NA,NA,NA,NA,NA,NA,NA
78769,1,70,1,1,41,18,1,0,0,3,0,0,0,0,0,0,30,NA,32,0,124,123,0,0,29,10,5,0,2,20,6.666666666666667
92999,1,75,1,1,41,18,1,0,0,3,0,0,0,0,0,0,35,NA,37,0,120,116,0,0,29,10,5,0,2,20,5.714285714285714
400,0,63,1,0,22,19,0,0,22,2,0,0,0,0,0,0,18,NA,22,0,73,93,0,NA,NA,NA,NA,13,1,20,22.22222222222222
14485,0,63,1,0,22,19,0,0,22,2,0,0,0,0,0,0,20,NA,26,0,63,86,0,NA,NA,NA,NA,13,1,20,30
14925,0,58,1,0,22,19,0,0,22,2,0,0,0,1,1,1,26,NA,21,0,81,103,0,NA,NA,NA,NA,13,1,20,-19.230769230769234
20886,0,62,0,0,22,19,0,0,22,2,0,0,0,0,0,1,23,NA,20,0,63,86,0,NA,NA,NA,NA,13,1,20,-13.043478260869565
28462,0,57,0,0,22,19,0,0,22,2,0,0,0,0,0,2,28,NA,30,0,110,124,0,NA,NA,NA,NA,13,1,20,7.142857142857142
29514,0,60,1,0,22,19,0,0,22,2,0,0,0,1,0,0,26,NA,27,0,59,85,0,NA,NA,NA,NA,13,1,20,3.8461538461538463
35847,0,66,0,0,22,19,0,0,22,2,0,0,0,0,0,0,24,NA,28,0,76,91,0,NA,NA,NA,NA,13,1,20,16.666666666666664
41571,0,46,0,0,22,19,0,0,22,2,0,0,0,1,0,0,20,NA,17,0,55,98,0,NA,NA,NA,NA,13,1,20,-15
47696,0,56,1,0,22,19,0,0,22,2,0,0,0,0,0,0,28,NA,27,0,97,117,0,NA,NA,NA,NA,13,1,20,-3.571428571428571
54142,0,67,0,0,22,19,0,0,22,2,0,0,0,0,NA,NA,28,0,NA,NA,NA,NA,NA,NA,NA,NA,NA,NA,NA,NA,NA
68944,0,45,0,0,22,19,0,0,22,2,0,0,0,1,0,0,18,NA,21,0,85,122,0,NA,NA,NA,NA,13,1,20,16.666666666666664
71186,0,63,1,0,22,19,0,0,22,2,0,0,0,0,0,0,18,NA,20,0,64,87,0,NA,NA,NA,NA,13,1,20,11.11111111111111
75177,0,52,0,0,22,19,0,0,22,2,0,0,0,0,1,2,24,NA,28,0,97,122,0,NA,NA,NA,NA,13,1,20,16.666666666666664
80111,0,68,0,0,22,19,0,0,22,2,0,0,0,0,0,0,25,NA,28,0,99,106,0,NA,NA,NA,NA,13,1,20,12
91652,0,52,0,0,22,19,0,0,22,2,0,1,0,0,NA,NA,24,0,NA,NA,NA,NA,NA,NA,NA,NA,NA,NA,NA,NA,NA
301,0,68,0,0,18,20,0,1,95,2,1,0,0,NA,0,0,20,NA,27,0,87,98,0,NA,NA,NA,NA,27,2,16,35
302,0,64,0,0,18,20,0,1,95,2,0,0,0,3,3,3,22,NA,19,0,76,93,0,NA,NA,NA,NA,27,2,16,-13.636363636363635
303,0,60,0,0,18,20,0,1,95,2,1,0,0,2,0,0,9,NA,14,0,55,83,0,NA,NA,NA,NA,27,2,16,55.55555555555556
304,0,53,1,0,18,20,0,1,95,2,1,0,0,0,0,0,23,NA,21,0,79,107,0,NA,NA,NA,NA,27,2,16,-8.695652173913043
305,0,68,0,0,18,20,0,1,95,2,1,0,0,0,0,0,23,NA,23,0,80,99,0,NA,NA,NA,NA,27,2,16,0
306,0,63,1,0,18,20,0,1,95,2,1,0,0,1,0,0,16,NA,19,0,59,82,0,NA,NA,NA,NA,27,2,16,18.75
307,0,62,1,0,18,20,0,1,95,2,1,0,0,NA,NA,NA,10,1,NA,NA,NA,NA,NA,NA,NA,NA,NA,NA,NA,NA,NA
308,0,63,1,0,18,20,0,1,95,2,1,0,0,0,0,0,18,NA,21,0,61,84,0,NA,NA,NA,NA,27,2,16,16.666666666666664
309,0,49,1,0,18,20,0,1,95,2,1,0,0,NA,0,0,12,NA,13,0,46,85,0,NA,NA,NA,NA,27,2,16,8.333333333333332
310,0,68,0,0,18,20,0,1,95,2,1,0,0,0,NA,0,16,NA,18,0,28,56,0,NA,NA,NA,NA,27,2,16,12.5
311,0,67,0,0,18,20,0,1,95,2,0,0,0,0,NA,NA,16,0,NA,NA,NA,NA,NA,NA,NA,NA,NA,NA,NA,NA,NA
312,0,59,1,0,18,20,0,1,95,2,1,0,0,0,NA,2,24,NA,22,0,54,82,0,NA,NA,NA,NA,27,2,16,-8.333333333333332
313,0,64,0,0,18,20,0,1,95,2,1,0,0,0,NA,NA,14,1,NA,NA,NA,NA,NA,NA,NA,NA,NA,NA,NA,NA,NA
314,0,68,0,0,18,20,0,1,95,2,1,0,0,0,0,0,26,NA,26,0,82,93,0,NA,NA,NA,NA,27,2,16,0
315,0,64,0,0,18,20,0,1,95,2,0,0,0,2,0,0,19,NA,24,0,89,103,0,NA,NA,NA,NA,27,2,16,26.31578947368421
316,0,68,0,0,18,20,0,1,95,2,1,0,0,0,0,0,19,NA,27,0,69,85,0,NA,NA,NA,NA,27,2,16,42.10526315789473
317,0,65,0,0,18,20,0,1,95,2,0,0,0,3,NA,0,26,NA,25,0,82,96,0,NA,NA,NA,NA,27,2,16,-3.8461538461538463
318,0,61,1,0,18,20,0,1,95,2,0,0,0,2,2,1,19,NA,16,0,66,89,0,NA,NA,NA,NA,27,2,16,-15.789473684210526
27284,1,81,1,1,52,21,0,1,89,2,0,0,0,0,NA,NA,24,0,NA,NA,NA,NA,NA,NA,NA,NA,NA,NA,NA,NA,NA
39486,1,72,1,1,52,21,0,1,89,2,0,0,0,0,0,0,29,NA,29,0,104,105,0,0,11,22,3,0,2,7,0
41275,1,69,0,1,52,21,0,1,89,2,0,0,0,0,NA,3,26,NA,29,0,116,117,0,0,11,22,3,0,2,7,11.538461538461538
43557,1,67,0,1,52,21,0,1,89,2,0,0,0,0,0,0,30,NA,28,0,74,88,0,0,11,22,3,0,2,7,-6.666666666666667
47746,1,74,0,1,52,21,0,1,89,2,0,0,0,0,NA,NA,33,NA,32,0,130,130,0,0,11,22,3,0,2,7,-3.0303030303030303
77572,1,74,1,1,52,21,0,1,89,2,0,0,0,0,NA,NA,23,0,NA,NA,NA,NA,NA,NA,NA,NA,NA,NA,NA,NA,NA
80304,1,70,1,1,52,21,0,1,89,2,0,0,0,0,0,0,29,NA,28,0,97,102,0,0,11,22,3,0,2,7,-3.4482758620689653
82618,1,74,1,1,52,21,0,1,89,2,0,0,0,0,0,2,25,NA,30,0,103,103,0,0,11,22,3,0,2,7,20
321,1,66,1,1,61,21,0,1,89,2,0,0,0,0,NA,NA,28,0,NA,NA,NA,NA,NA,NA,NA,NA,NA,NA,NA,NA,NA
12901,1,73,1,1,61,21,0,1,89,2,0,0,0,0,0,0,23,NA,26,0,79,86,0,18,80,22,2,28,3,8,13.043478260869565
15240,1,77,1,1,61,21,0,1,89,2,0,0,0,0,0,0,27,NA,23,0,82,85,0,18,80,22,2,28,3,8,-14.814814814814813
34374,1,77,1,1,61,21,0,1,89,2,0,0,0,0,0,0,30,NA,31,0,118,110,0,18,80,22,2,28,3,8,3.3333333333333335
40255,1,78,1,1,61,21,0,1,89,2,0,0,0,0,0,0,25,NA,30,0,129,119,0,18,80,22,2,28,3,8,20
45669,1,75,0,1,61,21,0,1,89,2,0,0,0,0,0,0,27,NA,31,0,117,111,0,18,80,22,2,28,3,8,14.814814814814813
49154,1,77,1,1,61,21,0,1,89,2,0,0,0,0,0,0,28,NA,32,0,105,100,0,18,80,22,2,28,3,8,14.285714285714285
77247,1,69,0,1,61,21,0,1,89,2,0,0,0,0,0,3,25,NA,28,0,58,77,0,18,80,22,2,28,3,8,12
85389,1,72,0,1,61,21,0,1,89,2,0,1,0,0,0,0,25,NA,17,0,87,93,0,18,80,22,2,28,3,8,-32
87107,1,74,1,1,61,21,0,1,89,2,0,0,0,0,NA,NA,28,0,NA,NA,NA,NA,NA,NA,NA,NA,NA,NA,NA,NA,NA
120,1,80,1,1,6,22,0,1,74,1,0,0,0,0,0,1,21,NA,27,0,86,85,0,3,24,NA,4,50,1,22,28.57142857142857
121,1,80,0,1,6,22,0,1,74,1,0,0,0,0,NA,NA,27,0,NA,NA,NA,NA,NA,NA,NA,NA,NA,NA,NA,NA,NA
123,1,76,1,1,6,22,0,1,74,1,0,0,0,0,NA,NA,24,0,NA,NA,NA,NA,NA,NA,NA,NA,NA,NA,NA,NA,NA
124,1,73,1,1,6,22,0,1,74,1,0,0,0,0,0,0,27,NA,27,0,103,103,0,3,24,NA,4,50,1,22,0
125,1,75,1,1,6,22,0,1,74,1,0,0,0,0,0,0,28,NA,28,0,77,85,0,3,24,NA,4,50,1,22,0
126,1,76,0,1,6,22,0,1,74,1,0,0,0,0,NA,NA,22,0,NA,NA,NA,NA,NA,NA,NA,NA,NA,NA,NA,NA,NA
127,1,73,0,1,6,22,0,1,74,1,0,0,0,0,NA,NA,15,0,NA,NA,NA,NA,NA,NA,NA,NA,NA,NA,NA,NA,NA
128,1,79,1,1,6,22,0,1,74,1,0,0,0,0,NA,NA,28,0,NA,NA,NA,NA,NA,NA,NA,NA,NA,NA,NA,NA,NA
129,1,79,0,1,6,22,0,1,74,1,0,0,0,0,0,0,31,NA,28,0,111,102,0,3,24,NA,4,50,1,22,-9.67741935483871
130,1,76,0,1,6,22,0,1,74,1,0,0,0,0,0,0,28,NA,27,0,74,81,0,3,24,NA,4,50,1,22,-3.571428571428571
131,1,71,0,1,6,22,0,1,74,1,0,0,0,0,NA,NA,22,0,NA,NA,NA,NA,NA,NA,NA,NA,NA,NA,NA,NA,NA
132,1,75,0,1,6,22,0,1,74,1,0,0,0,0,NA,NA,26,0,NA,NA,NA,NA,NA,NA,NA,NA,NA,NA,NA,NA,NA
133,1,72,0,1,6,22,0,1,74,1,0,0,0,0,0,0,26,NA,25,0,112,111,0,3,24,NA,4,50,1,22,-3.8461538461538463
134,1,77,0,1,6,22,0,1,74,1,0,0,0,0,0,0,22,NA,25,0,79,84,0,3,24,NA,4,50,1,22,13.636363636363635
135,1,70,0,1,6,22,0,1,74,1,0,0,0,0,NA,NA,25,0,NA,NA,NA,NA,NA,NA,NA,NA,NA,NA,NA,NA,NA
136,1,82,0,1,6,22,0,1,74,1,0,0,0,0,NA,NA,28,0,NA,NA,NA,NA,NA,NA,NA,NA,NA,NA,NA,NA,NA
137,1,81,1,1,6,22,0,1,74,1,0,0,0,0,NA,NA,21,0,NA,NA,NA,NA,NA,NA,NA,NA,NA,NA,NA,NA,NA
138,1,78,1,1,6,22,0,1,74,1,0,0,0,1,NA,NA,23,0,NA,NA,NA,NA,NA,NA,NA,NA,NA,NA,NA,NA,NA
139,1,74,1,1,6,22,0,1,74,1,0,0,0,0,0,0,31,NA,31,0,118,114,0,3,24,NA,4,50,1,22,0
140,1,68,1,1,6,22,0,1,74,1,0,0,0,2,0,0,26,NA,26,0,98,105,0,3,24,NA,4,50,1,22,0
141,1,81,0,1,6,22,0,1,74,1,0,0,0,0,NA,NA,20,0,NA,NA,NA,NA,NA,NA,NA,NA,NA,NA,NA,NA,NA
142,1,81,0,1,6,22,0,1,74,1,0,0,0,2,NA,3,25,NA,27,0,56,70,0,3,24,NA,4,50,1,22,8
143,1,77,0,1,6,22,0,1,74,1,0,0,0,0,0,0,29,NA,31,0,127,119,0,3,24,NA,4,50,1,22,6.896551724137931
144,1,77,1,1,6,22,0,1,74,1,0,0,0,0,NA,NA,28,0,NA,NA,NA,NA,NA,NA,NA,NA,NA,NA,NA,NA,NA
145,1,78,1,1,6,22,0,1,74,1,0,0,0,0,0,0,31,NA,33,0,100,96,0,3,24,NA,4,50,1,22,6.451612903225806
148,1,75,1,1,6,22,0,1,74,1,0,0,0,0,NA,NA,28,0,NA,NA,NA,NA,NA,NA,NA,NA,NA,NA,NA,NA,NA
10928,0,69,1,0,12,23,0,1,54,3,0,0,0,0,0,0,23,NA,25,0,97,104,0,NA,NA,NA,NA,71,2,31,8.695652173913043
22851,0,60,1,0,12,23,0,1,54,3,0,0,0,0,0,0,24,NA,25,0,101,116,0,NA,NA,NA,NA,71,2,31,4.166666666666666
34653,0,59,1,0,12,23,0,1,54,3,0,0,0,0,0,0,18,NA,22,0,75,99,0,NA,NA,NA,NA,71,2,31,22.22222222222222
35420,0,63,1,0,12,23,0,1,54,3,0,0,0,1,NA,NA,21,0,NA,NA,NA,NA,NA,NA,NA,NA,NA,NA,NA,NA,NA
45741,0,66,0,0,12,23,0,1,54,3,0,0,0,0,NA,NA,30,0,NA,NA,NA,NA,NA,NA,NA,NA,NA,NA,NA,NA,NA
48757,0,64,0,0,12,23,0,1,54,3,0,0,0,1,NA,NA,14,1,NA,NA,NA,NA,NA,NA,NA,NA,NA,NA,NA,NA,NA
53903,0,63,0,0,12,23,0,1,54,3,0,0,0,0,0,0,24,NA,25,0,79,96,0,NA,NA,NA,NA,71,2,31,4.166666666666666
82054,0,69,0,0,12,23,0,1,54,3,0,0,0,0,NA,NA,20,0,NA,NA,NA,NA,NA,NA,NA,NA,NA,NA,NA,NA,NA
86128,0,69,0,0,12,23,0,1,54,3,0,0,0,0,0,0,22,NA,22,0,73,88,0,NA,NA,NA,NA,71,2,31,0
87609,0,58,0,0,12,23,0,1,54,3,0,0,0,0,0,0,23,NA,21,0,87,108,0,NA,NA,NA,NA,71,2,31,-8.695652173913043
91103,0,67,1,0,12,23,0,1,54,3,0,0,0,0,0,1,22,NA,24,0,65,83,0,NA,NA,NA,NA,71,2,31,9.090909090909092
93187,0,58,1,0,12,23,0,1,54,3,0,0,0,0,0,0,21,NA,23,0,84,106,0,NA,NA,NA,NA,71,2,31,9.523809523809524
93765,0,65,1,0,12,23,0,1,54,3,0,0,0,0,0,0,22,NA,23,0,86,101,0,NA,NA,NA,NA,71,2,31,4.545454545454546
95862,0,67,1,0,12,23,0,1,54,3,0,0,0,0,0,0,27,NA,25,0,102,110,0,NA,NA,NA,NA,71,2,31,-7.4074074074074066
96996,0,60,1,0,12,23,0,1,54,3,0,0,0,0,0,0,24,NA,27,0,85,104,0,NA,NA,NA,NA,71,2,31,12.5
97251,0,60,0,0,12,23,0,1,54,3,0,0,0,0,0,0,24,NA,26,0,77,99,0,NA,NA,NA,NA,71,2,31,8.333333333333332
149,0,71,0,1,17,24,0,1,46,1,0,0,0,0,0,0,29,NA,28,0,96,102,0,NA,NA,NA,NA,15,3,14,-3.4482758620689653
150,0,68,0,1,17,24,0,1,46,1,0,0,0,0,NA,2,22,NA,27,0,57,78,0,NA,NA,NA,NA,15,3,14,22.727272727272727
151,0,74,0,1,17,24,0,1,46,1,0,0,0,0,NA,2,27,NA,32,0,109,108,0,NA,NA,NA,NA,15,3,14,18.51851851851852
152,0,80,0,1,17,24,0,1,46,1,0,0,0,0,NA,3,24,NA,24,0,105,98,0,NA,NA,NA,NA,15,3,14,0
153,0,77,1,1,17,24,0,1,46,1,0,0,0,0,NA,3,28,NA,28,0,91,90,0,NA,NA,NA,NA,15,3,14,0
154,0,76,1,1,17,24,0,1,46,1,0,0,0,NA,NA,2,24,NA,28,0,95,94,0,NA,NA,NA,NA,15,3,14,16.666666666666664
155,0,81,1,1,17,24,0,1,46,1,0,0,0,0,0,0,25,NA,22,0,NA,NA,1,NA,NA,NA,NA,15,3,14,-12
156,0,73,0,1,17,24,0,1,46,1,0,0,0,0,0,3,28,NA,24,0,95,96,0,NA,NA,NA,NA,15,3,14,-14.285714285714285
157,0,71,1,1,17,24,0,1,46,1,0,0,0,0,0,0,23,NA,23,0,77,87,0,NA,NA,NA,NA,15,3,14,0
158,0,71,1,1,17,24,0,1,46,1,0,0,0,0,0,0,28,NA,32,0,126,123,0,NA,NA,NA,NA,15,3,14,14.285714285714285
159,0,76,0,1,17,24,0,1,46,1,0,0,0,2,0,0,24,NA,28,0,121,114,0,NA,NA,NA,NA,15,3,14,16.666666666666664
160,0,70,1,1,17,24,0,1,46,1,0,0,0,0,0,0,34,NA,32,0,NA,NA,1,NA,NA,NA,NA,15,3,14,-5.88235294117647
161,0,71,1,1,17,24,0,1,46,1,0,0,0,0,3,3,24,NA,20,0,NA,27,1,NA,NA,NA,NA,15,3,14,-16.666666666666664
162,0,80,0,1,17,24,0,1,46,1,0,0,1,0,0,0,31,NA,27,1,114,104,1,NA,NA,NA,NA,NA,NA,NA,-12.903225806451612
163,0,70,0,1,17,24,0,1,46,1,0,0,0,0,0,0,27,NA,26,0,86,94,0,NA,NA,NA,NA,15,3,14,-3.7037037037037033
164,0,74,0,1,17,24,0,1,46,1,0,0,0,0,0,0,28,NA,26,0,99,100,0,NA,NA,NA,NA,15,3,14,-7.142857142857142
12128,1,68,0,0,36,25,0,1,99,3,0,0,0,0,NA,NA,21,0,NA,NA,NA,NA,NA,NA,NA,NA,NA,NA,NA,NA,NA
12672,1,64,1,0,36,25,0,1,99,3,0,0,0,2,1,NA,18,NA,25,0,81,97,0,30,121,23,4,50,1,5,38.88888888888889
22637,1,67,1,0,36,25,0,1,99,3,0,0,0,1,0,1,18,NA,26,0,82,93,0,30,121,23,4,50,1,5,44.44444444444444
39074,1,65,1,0,36,25,0,1,99,3,0,0,0,0,0,0,24,NA,21,0,116,120,0,30,121,23,4,50,1,5,-12.5
41867,1,59,1,0,36,25,0,1,99,3,0,0,0,2,2,2,24,NA,25,0,68,91,0,30,121,23,4,50,1,5,4.166666666666666
42139,1,67,0,0,36,25,0,1,99,3,0,0,0,1,0,0,21,NA,26,0,76,91,0,30,121,23,4,50,1,5,23.809523809523807
42665,1,62,0,0,36,25,0,1,99,3,0,0,0,0,0,0,24,NA,15,0,54,80,0,30,121,23,4,50,1,5,-37.5
47520,1,63,1,0,36,25,0,1,99,3,0,0,0,0,0,0,26,NA,26,0,82,98,0,30,121,23,4,50,1,5,0
51648,1,61,0,0,36,25,0,1,99,3,0,0,0,1,0,0,20,NA,21,0,52,79,0,30,121,23,4,50,1,5,5
56637,1,64,1,0,36,25,0,1,99,3,0,0,0,NA,NA,NA,15,1,NA,NA,NA,NA,NA,NA,NA,NA,NA,NA,NA,NA,NA
67801,1,69,0,0,36,25,0,1,99,3,0,0,0,0,0,0,29,NA,27,0,104,107,0,30,121,23,4,50,1,5,-6.896551724137931
71240,1,65,0,0,36,25,0,1,99,3,0,1,0,0,NA,NA,29,0,NA,NA,NA,NA,NA,NA,NA,NA,NA,NA,NA,NA,NA
75365,1,63,0,0,36,25,0,1,99,3,0,0,0,0,0,NA,19,NA,17,0,73,93,0,30,121,23,4,50,1,5,-10.526315789473683
84306,1,53,1,0,36,25,0,1,99,3,0,0,0,0,NA,NA,20,0,NA,NA,NA,NA,NA,NA,NA,NA,NA,NA,NA,NA,NA
87198,1,63,1,0,36,25,0,1,99,3,0,0,0,0,0,0,20,NA,22,0,72,90,0,30,121,23,4,50,1,5,10
87697,1,66,0,0,36,25,0,1,99,3,0,0,0,0,NA,NA,22,0,NA,NA,NA,NA,NA,NA,NA,NA,NA,NA,NA,NA,NA
90584,1,69,0,0,36,25,0,1,99,3,0,0,0,2,1,0,23,NA,28,0,99,104,0,30,121,23,4,50,1,5,21.73913043478261
10136,0,63,0,0,47,26,1,0,0,3,0,0,0,0,1,1,24,NA,28,0,105,116,0,NA,NA,NA,NA,50,2,25,16.666666666666664
15518,0,68,0,0,47,26,1,0,0,3,0,0,0,0,0,0,25,NA,30,0,117,118,0,NA,NA,NA,NA,50,2,25,20
17863,0,59,0,0,47,26,1,0,0,3,0,0,0,0,0,0,23,NA,19,0,57,85,0,NA,NA,NA,NA,50,2,25,-17.391304347826086
22046,0,68,1,0,47,26,1,0,0,3,0,0,0,0,0,0,27,NA,22,0,84,96,0,NA,NA,NA,NA,50,2,25,-18.51851851851852
25292,0,66,1,0,47,26,1,0,0,3,0,0,0,0,NA,NA,29,0,NA,NA,NA,NA,NA,NA,NA,NA,NA,NA,NA,NA,NA
32741,0,63,0,0,47,26,1,0,0,3,0,0,0,0,NA,NA,17,0,NA,NA,NA,NA,NA,NA,NA,NA,NA,NA,NA,NA,NA
35039,0,61,0,0,47,26,1,0,0,3,0,0,0,0,0,0,19,NA,22,0,96,112,0,NA,NA,NA,NA,50,2,25,15.789473684210526
35486,0,61,1,0,47,26,1,0,0,3,0,0,0,0,NA,NA,24,0,NA,NA,NA,NA,NA,NA,NA,NA,NA,NA,NA,NA,NA
36019,0,64,1,0,47,26,1,0,0,3,0,0,0,0,NA,NA,27,0,NA,NA,NA,NA,NA,NA,NA,NA,NA,NA,NA,NA,NA
37012,0,61,0,0,47,26,1,0,0,3,0,0,0,0,0,0,29,NA,25,0,NA,NA,1,NA,NA,NA,NA,50,2,25,-13.793103448275861
37837,0,66,1,0,47,26,1,0,0,3,0,0,0,0,0,0,22,NA,19,0,82,96,0,NA,NA,NA,NA,50,2,25,-13.636363636363635
37953,0,68,1,0,47,26,1,0,0,3,0,0,0,0,0,0,21,NA,22,0,68,85,0,NA,NA,NA,NA,50,2,25,4.761904761904762
46935,0,68,0,0,47,26,1,0,0,3,0,0,0,0,1,2,29,NA,30,0,109,113,0,NA,NA,NA,NA,50,2,25,3.4482758620689653
68302,0,68,1,0,47,26,1,0,0,3,0,0,0,1,1,1,25,NA,19,0,66,83,0,NA,NA,NA,NA,50,2,25,-24
70334,0,68,0,0,47,26,1,0,0,3,0,0,0,0,NA,NA,25,0,NA,NA,NA,NA,NA,NA,NA,NA,NA,NA,NA,NA,NA
81043,0,61,1,0,47,26,1,0,0,3,0,0,0,0,1,0,19,NA,22,0,79,100,0,NA,NA,NA,NA,50,2,25,15.789473684210526
83008,0,59,1,0,47,26,1,0,0,3,0,0,0,0,0,0,26,NA,24,0,62,88,0,NA,NA,NA,NA,50,2,25,-7.6923076923076925
94545,0,68,1,0,47,26,1,0,0,3,0,0,0,1,NA,NA,19,0,NA,NA,NA,NA,NA,NA,NA,NA,NA,NA,NA,NA,NA
12414,0,69,1,0,8,27,0,1,56,2,0,0,0,0,0,0,16,NA,20,0,83,94,0,NA,NA,NA,NA,0,1.5,23,25
17402,0,67,0,0,8,27,0,1,56,2,0,0,0,0,0,0,16,NA,22,0,65,85,0,NA,NA,NA,NA,0,1.5,23,37.5
20441,0,59,0,0,8,27,0,1,56,2,1,0,0,0,0,0,18,NA,19,0,80,101,0,NA,NA,NA,NA,0,1.5,23,5.555555555555555
25745,0,68,1,0,8,27,0,1,56,2,1,0,0,0,NA,NA,16,1,NA,NA,NA,NA,NA,NA,NA,NA,NA,NA,NA,NA,NA
29365,0,59,0,0,8,27,0,1,56,2,0,0,0,0,NA,0,19,NA,24,0,81,101,0,NA,NA,NA,NA,0,1.5,23,26.31578947368421
29442,0,64,1,0,8,27,0,1,56,2,0,0,0,0,0,0,20,NA,24,0,65,86,0,NA,NA,NA,NA,0,1.5,23,20
30249,0,65,0,0,8,27,0,1,56,2,0,0,0,0,NA,0,27,NA,25,0,102,112,0,NA,NA,NA,NA,0,1.5,23,-7.4074074074074066
34563,0,57,1,0,8,27,0,1,56,2,0,0,0,1,0,0,25,NA,24,0,77,101,0,NA,NA,NA,NA,0,1.5,23,-4
35841,0,57,1,0,8,27,0,1,56,2,0,0,0,0,0,0,22,NA,28,0,57,85,0,NA,NA,NA,NA,0,1.5,23,27.27272727272727
38347,0,68,1,0,8,27,0,1,56,2,0,0,0,0,0,0,13,NA,10,0,33,60,0,NA,NA,NA,NA,0,1.5,23,-23.076923076923077
39340,0,59,1,0,8,27,0,1,56,2,1,0,0,0,0,0,13,NA,21,0,50,78,0,NA,NA,NA,NA,0,1.5,23,61.53846153846154
40487,0,58,1,0,8,27,0,1,56,2,0,0,0,0,0,0,21,NA,18,0,82,104,0,NA,NA,NA,NA,0,1.5,23,-14.285714285714285
45905,0,69,0,0,8,27,0,1,56,2,0,0,0,0,NA,NA,20,0,NA,NA,NA,NA,NA,NA,NA,NA,NA,NA,NA,NA,NA
54539,0,66,0,0,8,27,0,1,56,2,0,0,0,0,NA,NA,24,0,NA,NA,NA,NA,NA,NA,NA,NA,NA,NA,NA,NA,NA
58656,0,64,0,0,8,27,0,1,56,2,0,0,0,0,NA,NA,16,0,NA,NA,NA,NA,NA,NA,NA,NA,NA,NA,NA,NA,NA
62341,0,59,1,0,8,27,0,1,56,2,1,0,0,0,NA,NA,19,0,NA,NA,NA,NA,NA,NA,NA,NA,NA,NA,NA,NA,NA
68231,0,63,0,0,8,27,0,1,56,2,0,0,0,0,0,0,20,NA,21,0,70,90,0,NA,NA,NA,NA,0,1.5,23,5
68280,0,57,1,0,8,27,0,1,56,2,0,0,0,0,NA,0,19,NA,16,0,62,88,0,NA,NA,NA,NA,0,1.5,23,-15.789473684210526
92249,0,68,0,0,8,27,0,1,56,2,1,0,0,0,NA,NA,13,1,NA,NA,NA,NA,NA,NA,NA,NA,NA,NA,NA,NA,NA
96270,0,62,0,0,8,27,0,1,56,2,0,0,0,0,0,0,20,NA,21,0,72,92,0,NA,NA,NA,NA,0,1.5,23,5
10279,1,71,0,1,9,28,0,1,77,1,0,0,0,0,0,NA,21,NA,22,0,93,98,0,0,17,19,4,100,2,19,4.761904761904762
32333,1,71,0,1,9,28,0,1,77,1,0,0,0,0,0,0,26,NA,29,0,86,92,0,0,17,19,4,100,2,19,11.538461538461538
32345,1,75,1,1,9,28,0,1,77,1,0,0,0,0,0,0,22,NA,28,0,110,106,0,0,17,19,4,100,2,19,27.27272727272727
32616,1,77,0,1,9,28,0,1,77,1,0,0,0,0,NA,NA,27,0,NA,NA,NA,NA,NA,NA,NA,NA,NA,NA,NA,NA,NA
37096,1,78,1,1,9,28,0,1,77,1,0,0,0,0,0,0,22,NA,22,0,77,83,0,0,17,19,4,100,2,19,0
39977,1,75,1,1,9,28,0,1,77,1,0,0,0,0,0,0,25,NA,28,0,107,103,0,0,17,19,4,100,2,19,12
41008,1,79,0,1,9,28,0,1,77,1,0,0,0,0,0,0,27,NA,28,0,99,93,0,0,17,19,4,100,2,19,3.7037037037037033
47667,1,75,0,1,9,28,0,1,77,1,0,0,0,0,0,0,27,NA,27,0,99,100,0,0,17,19,4,100,2,19,0
53656,1,71,1,1,9,28,0,1,77,1,0,0,0,0,1,NA,25,NA,27,0,110,111,0,0,17,19,4,100,2,19,8
59466,1,77,1,1,9,28,0,1,77,1,0,0,0,0,NA,NA,22,0,NA,NA,NA,NA,NA,NA,NA,NA,NA,NA,NA,NA,NA
61302,1,79,1,1,9,28,0,1,77,1,0,0,0,0,0,0,28,NA,33,0,113,103,0,0,17,19,4,100,2,19,17.857142857142858
61330,1,79,0,1,9,28,0,1,77,1,0,0,0,0,NA,NA,24,0,NA,NA,NA,NA,NA,NA,NA,NA,NA,NA,NA,NA,NA
65422,1,83,1,1,9,28,0,1,77,1,0,0,0,0,NA,NA,27,0,NA,NA,NA,NA,NA,NA,NA,NA,NA,NA,NA,NA,NA
78580,1,73,1,1,9,28,0,1,77,1,0,0,0,0,0,0,30,NA,29,0,101,101,0,0,17,19,4,100,2,19,-3.3333333333333335
81964,1,71,1,1,9,28,0,1,77,1,0,0,0,0,NA,NA,26,0,NA,NA,NA,NA,NA,NA,NA,NA,NA,NA,NA,NA,NA
86528,1,71,1,1,9,28,0,1,77,1,0,0,0,0,0,0,23,NA,28,0,100,105,0,0,17,19,4,100,2,19,21.73913043478261
99533,1,77,0,1,9,28,0,1,77,1,0,0,0,0,NA,NA,25,0,NA,NA,NA,NA,NA,NA,NA,NA,NA,NA,NA,NA,NA
99799,1,75,1,1,9,28,0,1,77,1,0,0,0,0,0,0,28,NA,34,0,112,108,0,0,17,19,4,100,2,19,21.428571428571427
23802,1,76,1,1,14,29,0,1,83,2,0,0,0,0,0,0,20,NA,19,0,83,86,0,2,19,6,2,50,3,28,-5
23932,1,71,0,1,14,29,0,1,83,2,0,0,0,0,0,1,22,NA,25,0,96,102,0,2,19,6,2,50,3,28,13.636363636363635
23997,1,74,0,1,14,29,0,1,83,2,0,0,0,2,NA,NA,20,1,NA,NA,NA,NA,NA,NA,NA,NA,NA,NA,NA,NA,NA
24636,1,75,0,1,14,29,0,1,83,2,0,0,0,0,0,0,23,NA,23,0,85,89,0,2,19,6,2,50,3,28,0
27606,1,72,0,1,14,29,0,1,83,2,0,0,0,1,0,0,22,NA,25,0,92,97,0,2,19,6,2,50,3,28,13.636363636363635
31901,1,80,1,1,14,29,0,1,83,2,0,0,0,0,0,0,29,NA,32,0,134,120,0,2,19,6,2,50,3,28,10.344827586206897
31921,1,71,1,1,14,29,0,1,83,2,0,0,0,0,0,0,27,NA,26,0,101,105,0,2,19,6,2,50,3,28,-3.7037037037037033
34250,1,73,0,1,14,29,0,1,83,2,0,0,0,0,0,1,19,NA,21,0,68,82,0,2,19,6,2,50,3,28,10.526315789473683
36947,1,70,1,1,14,29,0,1,83,2,0,0,0,0,0,0,21,NA,20,0,72,85,0,2,19,6,2,50,3,28,-4.761904761904762
48146,1,78,1,1,14,29,0,1,83,2,0,0,0,0,0,0,19,NA,23,0,89,88,0,2,19,6,2,50,3,28,21.052631578947366
48936,1,76,0,1,14,29,0,1,83,2,0,0,0,0,NA,NA,29,0,NA,NA,NA,NA,NA,NA,NA,NA,NA,NA,NA,NA,NA
64277,1,79,0,1,14,29,0,1,83,2,0,0,0,0,0,0,25,NA,19,0,74,81,0,2,19,6,2,50,3,28,-24
72705,1,79,1,1,14,29,0,1,83,2,0,0,0,0,0,1,23,NA,30,0,109,103,0,2,19,6,2,50,3,28,30.434782608695656
77324,1,78,0,1,14,29,0,1,83,2,0,0,0,1,0,0,19,NA,21,0,86,87,0,2,19,6,2,50,3,28,10.526315789473683
80535,1,78,1,1,14,29,0,1,83,2,0,0,0,0,0,0,29,NA,31,0,126,117,0,2,19,6,2,50,3,28,6.896551724137931
99469,1,80,1,1,14,29,0,1,83,2,0,0,0,0,0,0,30,NA,30,0,122,111,0,2,19,6,2,50,3,28,0
70001,0,66,0,0,7,30,0,1,85,2,1,0,0,1,0,0,18,NA,24,0,83,97,0,NA,NA,NA,NA,96,2,6,33.33333333333333
70002,0,60,0,0,7,30,0,1,85,2,1,0,0,2,0,1,19,NA,14,0,33,65,0,NA,NA,NA,NA,96,2,6,-26.31578947368421
70003,0,67,0,0,7,30,0,1,85,2,0,0,0,0,0,0,26,NA,28,0,107,113,0,NA,NA,NA,NA,96,2,6,7.6923076923076925
70004,0,68,1,0,7,30,0,1,85,2,1,0,0,2,0,0,21,NA,16,0,50,73,0,NA,NA,NA,NA,96,2,6,-23.809523809523807
70005,0,67,0,0,7,30,0,1,85,2,1,0,0,3,0,0,14,NA,9,0,34,63,0,NA,NA,NA,NA,96,2,6,-35.714285714285715
70008,0,52,0,0,7,30,0,1,85,2,0,0,0,0,0,0,19,NA,23,0,93,120,0,NA,NA,NA,NA,96,2,6,21.052631578947366
13202,0,58,0,0,33,30,0,1,85,2,0,0,0,2,0,0,13,NA,16,0,53,83,0,NA,NA,NA,NA,62,2.5,25,23.076923076923077
14778,0,61,1,0,33,30,0,1,85,2,1,0,0,2,2,1,7,NA,7,0,33,65,0,NA,NA,NA,NA,62,2.5,25,0
27632,0,63,1,0,33,30,0,1,85,2,0,0,0,1,0,0,24,NA,29,0,97,110,0,NA,NA,NA,NA,62,2.5,25,20.833333333333336
30056,0,53,1,0,33,30,0,1,85,2,0,1,0,2,2,1,21,NA,19,0,53,88,0,NA,NA,NA,NA,62,2.5,25,-9.523809523809524
48920,0,65,1,0,33,30,0,1,85,2,0,0,0,1,0,0,30,NA,29,0,81,94,0,NA,NA,NA,NA,62,2.5,25,-3.3333333333333335
60847,0,51,0,0,33,30,0,1,85,2,0,1,1,3,NA,NA,19,1,NA,NA,NA,NA,NA,NA,NA,NA,NA,NA,NA,NA,NA
62750,0,61,1,0,33,30,0,1,85,2,0,0,0,1,0,0,21,NA,18,0,65,89,0,NA,NA,NA,NA,62,2.5,25,-14.285714285714285
73837,0,63,0,0,33,30,0,1,85,2,1,0,0,1,NA,NA,11,0,NA,NA,NA,NA,NA,NA,NA,NA,NA,NA,NA,NA,NA
77361,0,42,0,0,33,30,0,1,85,2,0,1,1,3,NA,NA,15,1,NA,NA,NA,NA,NA,NA,NA,NA,NA,NA,NA,NA,NA
77821,0,55,1,0,33,30,0,1,85,2,0,1,0,1,0,0,20,NA,15,0,46,79,0,NA,NA,NA,NA,62,2.5,25,-25
87181,0,67,1,0,33,30,0,1,85,2,0,0,0,1,0,1,25,NA,24,0,61,80,0,NA,NA,NA,NA,62,2.5,25,-4
89954,0,65,1,0,33,30,0,1,85,2,1,0,0,1,2,2,18,NA,19,0,56,80,0,NA,NA,NA,NA,62,2.5,25,5.555555555555555
98428,0,45,1,0,33,30,0,1,85,2,1,1,0,3,NA,NA,7,1,NA,NA,NA,NA,NA,NA,NA,NA,NA,NA,NA,NA,NA
14249,0,73,1,1,34,31,0,1,84,3,0,0,0,0,NA,NA,27,0,NA,NA,NA,NA,NA,NA,NA,NA,NA,NA,NA,NA,NA
14345,0,73,1,1,34,31,0,1,84,3,0,0,0,0,0,0,28,NA,23,0,118,116,0,NA,NA,NA,NA,NA,NA,NA,-17.857142857142858
29785,0,80,1,1,34,31,0,1,84,3,0,0,0,0,0,0,27,NA,26,0,97,90,0,NA,NA,NA,NA,NA,NA,NA,-3.7037037037037033
33049,0,70,1,1,34,31,0,1,84,3,0,0,0,0,0,0,19,NA,24,0,78,88,0,NA,NA,NA,NA,NA,NA,NA,26.31578947368421
41360,0,73,0,1,34,31,0,1,84,3,0,0,0,1,1,1,31,NA,28,0,117,114,0,NA,NA,NA,NA,NA,NA,NA,-9.67741935483871
43112,0,76,0,1,34,31,0,1,84,3,1,0,0,0,0,0,21,NA,28,0,89,89,0,NA,NA,NA,NA,NA,NA,NA,33.33333333333333
45677,0,73,1,1,34,31,0,1,84,3,0,1,0,1,NA,NA,16,0,NA,NA,NA,NA,NA,NA,NA,NA,NA,NA,NA,NA,NA
47792,0,72,0,1,34,31,0,1,84,3,0,0,0,0,0,0,27,NA,27,0,108,108,0,NA,NA,NA,NA,NA,NA,NA,0
48069,0,73,0,1,34,31,0,1,84,3,1,0,0,0,0,0,22,NA,29,0,67,79,0,NA,NA,NA,NA,NA,NA,NA,31.818181818181817
49911,0,72,1,1,34,31,0,1,84,3,0,0,0,0,0,0,30,NA,28,0,115,113,0,NA,NA,NA,NA,NA,NA,NA,-6.666666666666667
69236,0,76,0,1,34,31,0,1,84,3,1,0,0,0,NA,NA,18,0,NA,NA,NA,NA,NA,NA,NA,NA,NA,NA,NA,NA,NA
72495,0,72,0,1,34,31,0,1,84,3,0,0,0,0,NA,NA,22,0,NA,NA,NA,NA,NA,NA,NA,NA,NA,NA,NA,NA,NA
74027,0,71,1,1,34,31,0,1,84,3,0,0,0,0,0,1,28,NA,24,0,98,103,0,NA,NA,NA,NA,NA,NA,NA,-14.285714285714285
84459,0,77,1,1,34,31,0,1,84,3,0,0,0,0,0,0,25,NA,21,0,85,86,0,NA,NA,NA,NA,NA,NA,NA,-16
85188,0,78,0,1,34,31,0,1,84,3,0,0,0,0,0,0,27,NA,26,0,98,94,0,NA,NA,NA,NA,NA,NA,NA,-3.7037037037037033
96178,0,73,1,1,34,31,0,1,84,3,0,0,0,0,NA,NA,27,0,NA,NA,NA,NA,NA,NA,NA,NA,NA,NA,NA,NA,NA
98177,0,77,1,1,34,31,0,1,84,3,0,0,0,0,0,0,27,NA,29,0,113,108,0,NA,NA,NA,NA,NA,NA,NA,7.4074074074074066
11463,1,73,1,1,19,32,0,1,40,3,0,0,0,0,0,NA,26,NA,26,0,94,98,0,1,14,26,5,36,1,21,0
22902,1,80,1,1,19,32,0,1,40,3,0,0,0,0,0,0,33,NA,34,0,140,124,0,1,14,26,5,36,1,21,3.0303030303030303
26971,1,78,0,1,19,32,0,1,40,3,0,0,0,0,0,0,30,NA,32,0,122,113,0,1,14,26,5,36,1,21,6.666666666666667
27479,1,78,1,1,19,32,0,1,40,3,0,0,0,0,0,0,28,NA,29,0,110,103,0,1,14,26,5,36,1,21,3.571428571428571
37712,1,75,1,1,19,32,0,1,40,3,0,0,0,0,0,0,30,NA,29,0,124,117,0,1,14,26,5,36,1,21,-3.3333333333333335
38380,1,73,0,1,19,32,0,1,40,3,0,0,0,0,0,0,28,NA,25,0,96,98,0,1,14,26,5,36,1,21,-10.714285714285714
43046,1,74,0,1,19,32,0,1,40,3,0,0,0,1,NA,NA,24,0,NA,NA,NA,NA,NA,NA,NA,NA,NA,NA,NA,NA,NA
45886,1,72,0,1,19,32,0,1,40,3,0,0,0,0,0,0,29,NA,33,0,117,114,0,1,14,26,5,36,1,21,13.793103448275861
51581,1,81,0,1,19,32,0,1,40,3,0,0,0,0,0,0,33,NA,32,0,145,123,0,1,14,26,5,36,1,21,-3.0303030303030303
53739,1,79,1,1,19,32,0,1,40,3,0,0,0,0,NA,NA,28,0,NA,NA,NA,NA,NA,NA,NA,NA,NA,NA,NA,NA,NA
55023,1,73,0,1,19,32,0,1,40,3,0,0,1,0,NA,NA,25,1,NA,NA,NA,NA,NA,NA,NA,NA,NA,NA,NA,NA,NA
67501,1,70,1,1,19,32,0,1,40,3,0,0,0,0,NA,NA,30,0,NA,NA,NA,NA,NA,NA,NA,NA,NA,NA,NA,NA,NA
69552,1,78,1,1,19,32,0,1,40,3,0,0,0,0,0,0,31,NA,30,0,108,102,0,1,14,26,5,36,1,21,-3.225806451612903
83526,1,71,0,1,19,32,0,1,40,3,0,0,0,1,0,0,22,NA,29,0,85,91,0,1,14,26,5,36,1,21,31.818181818181817
89305,1,80,0,1,19,32,0,1,40,3,0,0,0,0,0,0,23,NA,21,0,87,87,0,1,14,26,5,36,1,21,-8.695652173913043
91095,1,71,0,1,19,32,0,1,40,3,0,0,0,0,0,0,29,NA,33,0,112,111,0,1,14,26,5,36,1,21,13.793103448275861
93544,1,78,1,1,19,32,0,1,40,3,0,0,0,0,NA,NA,31,0,NA,NA,NA,NA,NA,NA,NA,NA,NA,NA,NA,NA,NA
14963,0,80,0,1,60,33,0,1,74,3,0,0,0,0,NA,NA,25,0,NA,NA,NA,NA,NA,NA,NA,NA,NA,NA,NA,NA,NA
21213,0,76,0,1,60,33,0,1,74,3,0,0,0,1,0,0,31,NA,29,0,114,109,0,NA,NA,NA,NA,23,0,9,-6.451612903225806
24494,0,81,1,1,60,33,0,1,74,3,0,0,0,0,0,0,32,NA,32,0,112,103,0,NA,NA,NA,NA,23,0,9,0
29144,0,72,1,1,60,33,0,1,74,3,0,0,0,0,0,0,25,NA,24,0,91,96,0,NA,NA,NA,NA,23,0,9,-4
32102,0,76,0,1,60,33,0,1,74,3,0,1,0,0,NA,NA,26,0,NA,NA,NA,NA,NA,NA,NA,NA,NA,NA,NA,NA,NA
34259,0,74,1,1,60,33,0,1,74,3,0,0,0,0,0,0,27,NA,31,0,120,116,0,NA,NA,NA,NA,23,0,9,14.814814814814813
42269,0,81,0,1,60,33,0,1,74,3,0,0,0,0,0,0,28,NA,30,0,119,109,0,NA,NA,NA,NA,23,0,9,7.142857142857142
63905,0,81,0,1,60,33,0,1,74,3,0,0,0,1,0,1,25,NA,27,0,70,77,0,NA,NA,NA,NA,23,0,9,8
65839,0,74,1,1,60,33,0,1,74,3,0,0,0,0,NA,NA,27,0,NA,NA,NA,NA,NA,NA,NA,NA,NA,NA,NA,NA,NA
67474,0,76,1,1,60,33,0,1,74,3,0,0,0,0,NA,NA,29,0,NA,NA,NA,NA,NA,NA,NA,NA,NA,NA,NA,NA,NA
67508,0,75,1,1,60,33,0,1,74,3,0,0,0,1,0,0,26,NA,31,0,110,108,0,NA,NA,NA,NA,23,0,9,19.230769230769234
67958,0,71,1,1,60,33,0,1,74,3,0,0,0,1,0,0,20,NA,26,0,80,90,0,NA,NA,NA,NA,23,0,9,30
74632,0,77,0,1,60,33,0,1,74,3,0,0,0,1,1,2,21,NA,24,0,71,80,0,NA,NA,NA,NA,23,0,9,14.285714285714285
74841,0,78,1,1,60,33,0,1,74,3,0,0,0,0,NA,NA,32,0,NA,NA,NA,NA,NA,NA,NA,NA,NA,NA,NA,NA,NA
75342,0,72,0,1,60,33,0,1,74,3,0,0,0,0,0,0,26,NA,28,0,127,123,0,NA,NA,NA,NA,23,0,9,7.6923076923076925
78086,0,72,0,1,60,33,0,1,74,3,0,0,0,1,0,0,26,NA,30,0,110,109,0,NA,NA,NA,NA,23,0,9,15.384615384615385
82161,0,77,1,1,60,33,0,1,74,3,0,0,0,1,0,1,25,NA,23,0,92,91,0,NA,NA,NA,NA,23,0,9,-8
88826,0,78,0,1,60,33,0,1,74,3,0,1,0,1,NA,NA,20,0,NA,NA,NA,NA,NA,NA,NA,NA,NA,NA,NA,NA,NA
10815,1,73,0,1,44,34,0,0,22,2,0,0,0,0,0,0,34,NA,35,0,118,116,0,0,9,22,5,21,2,12,2.941176470588235
13650,1,78,1,1,44,34,0,0,22,2,0,0,0,0,0,0,35,NA,34,0,129,119,0,0,9,22,5,21,2,12,-2.857142857142857
16873,1,79,0,1,44,34,0,0,22,2,0,0,0,0,1,1,34,NA,34,0,118,108,0,0,9,22,5,21,2,12,0
20516,1,77,0,1,44,34,0,0,22,2,0,0,0,0,NA,NA,16,1,NA,NA,NA,NA,NA,NA,NA,NA,NA,NA,NA,NA,NA
20709,1,75,0,1,44,34,0,0,22,2,0,0,0,0,0,0,33,NA,34,0,130,123,0,0,9,22,5,21,2,12,3.0303030303030303
29528,1,76,0,1,44,34,0,0,22,2,0,0,0,0,1,1,33,NA,29,0,109,106,0,0,9,22,5,21,2,12,-12.121212121212121
37730,1,77,0,1,44,34,0,0,22,2,0,0,0,0,0,0,32,NA,29,0,84,86,0,0,9,22,5,21,2,12,-9.375
44750,1,78,1,1,44,34,0,0,22,2,0,0,0,0,0,0,31,NA,32,0,128,118,0,0,9,22,5,21,2,12,3.225806451612903
57743,1,78,1,1,44,34,0,0,22,2,0,0,0,0,0,0,30,NA,28,0,116,109,0,0,9,22,5,21,2,12,-6.666666666666667
62748,1,75,1,1,44,34,0,0,22,2,0,0,0,0,0,0,23,NA,24,0,80,86,0,0,9,22,5,21,2,12,4.3478260869565215
64019,1,76,1,1,44,34,0,0,22,2,0,0,0,0,NA,NA,28,0,NA,NA,NA,NA,NA,NA,NA,NA,NA,NA,NA,NA,NA
65569,1,80,1,1,44,34,0,0,22,2,0,0,0,0,NA,NA,33,0,NA,NA,NA,NA,NA,NA,NA,NA,NA,NA,NA,NA,NA
66530,1,75,1,1,44,34,0,0,22,2,0,0,0,0,0,0,33,NA,30,0,133,124,0,0,9,22,5,21,2,12,-9.090909090909092
71628,1,71,1,1,44,34,0,0,22,2,0,0,0,0,0,0,32,NA,32,0,113,113,0,0,9,22,5,21,2,12,0
76800,1,70,0,1,44,34,0,0,22,2,0,0,0,0,NA,NA,28,0,NA,NA,NA,NA,NA,NA,NA,NA,NA,NA,NA,NA,NA
95150,1,79,0,1,44,34,0,0,22,2,0,0,0,0,0,0,30,NA,31,0,109,103,0,0,9,22,5,21,2,12,3.3333333333333335
99806,1,78,0,1,44,34,0,0,22,2,0,0,0,0,0,0,36,NA,38,0,136,124,0,0,9,22,5,21,2,12,5.555555555555555
33514,0,46,1,0,38,35,0,0,0,2,0,0,0,0,NA,NA,23,0,NA,NA,NA,NA,NA,NA,NA,NA,NA,NA,NA,NA,NA
47703,0,69,1,0,38,35,0,0,0,2,0,0,0,0,NA,NA,25,0,NA,NA,NA,NA,NA,NA,NA,NA,NA,NA,NA,NA,NA
49541,0,58,1,0,38,35,0,0,0,2,0,0,0,0,0,0,27,NA,18,0,75,99,0,NA,NA,NA,NA,15,1,7,-33.33333333333333
68225,0,57,0,0,38,35,0,0,0,2,0,0,0,0,NA,NA,11,0,NA,NA,NA,NA,NA,NA,NA,NA,NA,NA,NA,NA,NA
90092,0,64,0,0,38,35,0,0,0,2,0,0,0,0,NA,NA,28,0,NA,NA,NA,NA,NA,NA,NA,NA,NA,NA,NA,NA,NA
93973,0,53,0,0,38,35,0,0,0,2,0,0,0,0,0,0,14,NA,11,1,51,86,1,NA,NA,NA,NA,NA,NA,NA,-21.428571428571427
18075,0,48,0,0,51,35,0,0,0,2,0,1,0,1,NA,NA,13,1,NA,NA,NA,NA,NA,NA,NA,NA,NA,NA,NA,NA,NA
22713,0,68,1,0,51,35,0,0,0,2,0,0,0,0,0,0,28,NA,32,0,117,118,0,NA,NA,NA,NA,12,1.5,17,14.285714285714285
25007,0,68,1,0,51,35,0,0,0,2,0,0,0,0,0,0,23,NA,22,0,77,90,0,NA,NA,NA,NA,12,1.5,17,-4.3478260869565215
30948,0,52,0,0,51,35,0,0,0,2,0,0,0,0,0,0,13,NA,24,0,84,113,0,NA,NA,NA,NA,12,1.5,17,84.61538461538461
49829,0,62,0,0,51,35,0,0,0,2,0,0,0,0,0,0,23,NA,29,0,98,111,0,NA,NA,NA,NA,12,1.5,17,26.08695652173913
58829,0,65,0,0,51,35,0,0,0,2,0,1,0,3,NA,NA,0,1,NA,NA,NA,NA,NA,NA,NA,NA,NA,NA,NA,NA,NA
62690,0,54,1,0,51,35,0,0,0,2,0,0,0,0,0,0,17,NA,17,0,68,98,0,NA,NA,NA,NA,12,1.5,17,0
71855,0,68,0,0,51,35,0,0,0,2,0,1,0,0,0,1,19,NA,19,0,84,96,0,NA,NA,NA,NA,12,1.5,17,0
80857,0,52,0,0,51,35,0,0,0,2,0,0,0,0,NA,NA,24,0,NA,NA,NA,NA,NA,NA,NA,NA,NA,NA,NA,NA,NA
89246,0,68,1,0,51,35,0,0,0,2,0,0,0,NA,0,0,19,NA,19,0,80,92,0,NA,NA,NA,NA,12,1.5,17,0
93681,0,44,0,0,51,35,0,0,0,2,0,0,0,0,NA,NA,23,0,NA,NA,NA,NA,NA,NA,NA,NA,NA,NA,NA,NA,NA
96429,0,55,0,0,51,35,0,0,0,2,0,0,0,0,NA,0,15,NA,NA,0,51,86,0,NA,NA,NA,NA,NA,NA,NA,NA
34930,0,61,1,0,56,35,0,0,0,2,0,0,0,0,0,0,22,NA,24,0,107,120,0,NA,NA,NA,NA,25,3,17,9.090909090909092
39031,0,46,1,0,56,35,0,0,0,2,0,0,0,0,0,0,14,NA,11,0,49,94,0,NA,NA,NA,NA,25,3,17,-21.428571428571427
43421,0,67,1,0,56,35,0,0,0,2,0,0,0,1,0,0,25,NA,27,0,127,129,0,NA,NA,NA,NA,25,3,17,8
69324,0,55,0,0,56,35,0,0,0,2,0,0,0,0,0,1,27,NA,30,0,107,127,0,NA,NA,NA,NA,25,3,17,11.11111111111111
81154,0,66,0,0,56,35,0,0,0,2,0,1,0,3,NA,NA,14,1,NA,NA,NA,NA,NA,NA,NA,NA,NA,NA,NA,NA,NA
82431,0,59,0,0,56,35,0,0,0,2,0,1,0,0,NA,0,11,NA,NA,0,35,69,0,NA,NA,NA,NA,NA,NA,NA,NA
13993,0,70,1,1,10,36,0,1,46,1,0,0,0,0,NA,NA,26,NA,29,0,107,109,0,NA,NA,NA,NA,NA,2,10,11.538461538461538
16313,0,79,0,1,10,36,0,1,46,1,0,0,0,3,0,0,26,NA,29,0,111,102,0,NA,NA,NA,NA,NA,2,10,11.538461538461538
21155,0,79,0,1,10,36,0,1,46,1,0,0,0,0,0,0,25,NA,27,0,104,96,0,NA,NA,NA,NA,NA,2,10,8
42721,0,74,1,1,10,36,0,1,46,1,0,0,0,NA,0,0,26,NA,32,0,96,98,0,NA,NA,NA,NA,NA,2,10,23.076923076923077
43223,0,80,0,1,10,36,0,1,46,1,0,0,0,1,NA,NA,25,0,NA,NA,NA,NA,NA,NA,NA,NA,NA,NA,NA,NA,NA
44573,0,78,1,1,10,36,0,1,46,1,0,0,0,0,0,2,26,NA,27,0,111,104,0,NA,NA,NA,NA,NA,2,10,3.8461538461538463
46093,0,80,0,1,10,36,0,1,46,1,0,0,0,3,NA,NA,27,0,NA,NA,NA,NA,NA,NA,NA,NA,NA,NA,NA,NA,NA
57026,0,73,1,1,10,36,0,1,46,1,0,1,0,0,NA,NA,24,0,NA,NA,NA,NA,NA,NA,NA,NA,NA,NA,NA,NA,NA
57098,0,81,1,1,10,36,0,1,46,1,0,0,0,0,0,0,29,NA,30,0,134,118,0,NA,NA,NA,NA,NA,2,10,3.4482758620689653
60314,0,72,0,1,10,36,0,1,46,1,0,0,0,1,0,0,29,NA,29,0,108,108,0,NA,NA,NA,NA,NA,2,10,0
61770,0,73,0,1,10,36,0,1,46,1,0,0,0,1,0,0,23,NA,29,0,92,97,0,NA,NA,NA,NA,NA,2,10,26.08695652173913
68528,0,73,0,1,10,36,0,1,46,1,0,1,0,0,NA,0,25,NA,25,0,107,107,0,NA,NA,NA,NA,NA,2,10,0
75584,0,76,0,1,10,36,0,1,46,1,0,0,0,0,0,NA,28,NA,27,0,108,104,0,NA,NA,NA,NA,NA,2,10,-3.571428571428571
77475,0,76,1,1,10,36,0,1,46,1,0,0,0,0,0,0,29,NA,27,0,113,108,0,NA,NA,NA,NA,NA,2,10,-6.896551724137931
80517,0,79,1,1,10,36,0,1,46,1,0,0,0,0,0,0,26,NA,26,0,95,91,0,NA,NA,NA,NA,NA,2,10,0
91736,0,74,0,1,10,36,0,1,46,1,0,0,0,2,0,0,24,NA,26,0,113,110,0,NA,NA,NA,NA,NA,2,10,8.333333333333332
93892,0,77,1,1,10,36,0,1,46,1,0,0,0,1,0,0,27,NA,25,0,89,89,0,NA,NA,NA,NA,NA,2,10,-7.4074074074074066
96440,0,81,0,1,10,36,0,1,46,1,0,0,0,0,0,0,29,NA,36,0,127,114,0,NA,NA,NA,NA,NA,2,10,24.137931034482758
27333,1,45,1,0,4,37,0,1,92,2,0,0,0,0,0,0,30,NA,24,0,67,108,0,0,3,22,3,88,2.5,13,-20
28252,1,63,1,0,4,37,0,1,92,2,0,0,0,0,2,2,19,NA,20,0,39,70,0,0,3,22,3,88,2.5,13,5.263157894736842
53955,1,61,1,0,4,37,0,1,92,2,0,0,0,0,0,0,28,NA,28,0,96,112,0,0,3,22,3,88,2.5,13,0
55329,1,59,0,0,4,37,0,1,92,2,0,1,0,1,2,2,19,NA,20,0,57,83,0,0,3,22,3,88,2.5,13,5.263157894736842
57742,1,58,0,0,4,37,0,1,92,2,0,0,0,2,0,2,28,NA,25,0,69,94,0,0,3,22,3,88,2.5,13,-10.714285714285714
58769,1,61,1,0,4,37,0,1,92,2,0,0,0,0,1,1,29,NA,29,0,100,116,0,0,3,22,3,88,2.5,13,0
65573,1,57,1,0,4,37,0,1,92,2,0,0,0,0,NA,NA,13,1,NA,NA,NA,NA,NA,NA,NA,NA,NA,NA,NA,NA,NA
66978,1,59,1,0,4,37,0,1,92,2,0,0,0,0,1,1,12,NA,15,0,50,78,0,0,3,22,3,88,2.5,13,25
81679,1,63,0,0,4,37,0,1,92,2,0,0,0,0,0,1,22,NA,33,0,94,106,0,0,3,22,3,88,2.5,13,50
90829,1,60,1,0,4,37,0,1,92,2,0,0,0,0,NA,NA,13,1,NA,NA,NA,NA,NA,NA,NA,NA,NA,NA,NA,NA,NA
93831,1,65,0,0,4,37,0,1,92,2,0,0,0,0,0,0,34,NA,30,0,125,130,0,0,3,22,3,88,2.5,13,-11.76470588235294
94084,1,64,0,0,4,37,0,1,92,2,0,0,0,0,0,0,23,NA,19,0,71,89,0,0,3,22,3,88,2.5,13,-17.391304347826086
99130,1,63,1,0,4,37,0,1,92,2,1,1,0,0,2,1,13,NA,14,0,30,61,0,0,3,22,3,88,2.5,13,7.6923076923076925
99927,1,63,1,0,4,37,0,1,92,2,0,0,0,0,1,0,24,NA,27,0,90,104,0,0,3,22,3,88,2.5,13,12.5
30598,1,80,0,1,39,37,0,1,92,2,0,0,0,0,0,1,26,NA,18,0,92,88,0,0,2,26,2,20,3,19,-30.76923076923077
46943,1,73,0,1,39,37,0,1,92,2,0,0,0,0,NA,NA,27,0,NA,NA,NA,NA,NA,NA,NA,NA,NA,NA,NA,NA,NA
57733,1,76,0,1,39,37,0,1,92,2,0,0,0,0,0,0,27,NA,26,0,103,101,0,0,2,26,2,20,3,19,-3.7037037037037033
58579,1,72,0,1,39,37,0,1,92,2,0,0,0,0,NA,NA,26,0,NA,NA,NA,NA,NA,NA,NA,NA,NA,NA,NA,NA,NA
16056,1,80,0,1,25,38,0,1,75,3,0,0,0,0,0,0,27,NA,30,0,119,109,0,0,3,24,5,53,2,20,11.11111111111111
17230,1,80,1,1,25,38,0,1,75,3,0,0,0,0,0,NA,22,NA,30,0,NA,NA,0,0,3,24,5,53,2,20,36.36363636363637
19813,1,74,0,1,25,38,0,1,75,3,0,0,0,0,0,0,32,NA,31,0,100,101,0,0,3,24,5,53,2,20,-3.125
22225,1,75,0,1,25,38,0,1,75,3,0,0,0,0,0,0,31,NA,31,0,108,104,0,0,3,24,5,53,2,20,0
27136,1,70,1,1,25,38,0,1,75,3,0,0,0,1,0,1,30,NA,32,0,119,119,0,0,3,24,5,53,2,20,6.666666666666667
31312,1,77,1,1,25,38,0,1,75,3,0,0,0,0,0,NA,29,NA,32,0,96,93,0,0,3,24,5,53,2,20,10.344827586206897
34570,1,79,0,1,25,38,0,1,75,3,0,0,0,0,NA,NA,32,0,NA,NA,NA,NA,NA,NA,NA,NA,NA,NA,NA,NA,NA
34920,1,74,0,1,25,38,0,1,75,3,0,0,0,0,0,0,34,NA,34,0,119,116,0,0,3,24,5,53,2,20,0
56483,1,78,0,1,25,38,0,1,75,3,0,0,0,0,0,0,31,NA,31,0,99,95,0,0,3,24,5,53,2,20,0
63962,1,74,0,1,25,38,0,1,75,3,0,0,0,0,NA,NA,31,0,NA,NA,NA,NA,NA,NA,NA,NA,NA,NA,NA,NA,NA
80281,1,71,1,1,25,38,0,1,75,3,0,0,0,0,0,0,28,NA,26,0,75,85,0,0,3,24,5,53,2,20,-7.142857142857142
84411,1,72,1,1,25,38,0,1,75,3,0,0,0,0,0,0,29,NA,31,0,93,98,0,0,3,24,5,53,2,20,6.896551724137931
94165,1,81,0,1,25,38,0,1,75,3,0,0,0,0,0,0,27,NA,32,0,105,95,0,0,3,24,5,53,2,20,18.51851851851852
96071,1,71,1,1,25,38,0,1,75,3,0,0,0,0,0,1,28,NA,33,0,117,114,0,0,3,24,5,53,2,20,17.857142857142858
11037,1,60,1,0,24,39,1,0,0,3,0,0,0,0,NA,NA,17,0,NA,NA,NA,NA,NA,NA,NA,NA,NA,NA,NA,NA,NA
11504,1,66,0,0,24,39,1,0,0,3,0,0,0,0,NA,NA,22,0,NA,NA,NA,NA,NA,NA,NA,NA,NA,NA,NA,NA,NA
18342,1,67,1,0,24,39,1,0,0,3,0,0,0,0,0,0,27,NA,27,0,130,130,0,0,1,NA,NA,NA,NA,NA,0
21698,1,63,0,0,24,39,1,0,0,3,0,0,0,0,0,0,24,NA,26,0,91,106,0,0,1,NA,NA,NA,NA,NA,8.333333333333332
26573,1,60,1,0,24,39,1,0,0,3,0,0,0,0,0,0,20,NA,21,0,81,101,0,0,1,NA,NA,NA,NA,NA,5
33115,1,65,0,0,24,39,1,0,0,3,0,0,0,0,0,0,20,NA,28,0,91,104,0,0,1,NA,NA,NA,NA,NA,40
52403,1,60,0,0,24,39,1,0,0,3,0,0,0,0,0,0,16,NA,15,0,NA,NA,1,0,1,NA,NA,NA,NA,NA,-6.25
53710,1,68,1,0,24,39,1,0,0,3,0,0,0,0,0,0,33,NA,31,0,123,124,0,0,1,NA,NA,NA,NA,NA,-6.0606060606060606
54572,1,67,1,0,24,39,1,0,0,3,0,0,0,0,1,1,27,NA,26,0,101,109,0,0,1,NA,NA,NA,NA,NA,-3.7037037037037033
57336,1,67,1,0,24,39,1,0,0,3,0,0,0,0,0,0,28,NA,25,0,91,102,0,0,1,NA,NA,NA,NA,NA,-10.714285714285714
59607,1,58,1,0,24,39,1,0,0,3,0,0,0,0,0,0,23,NA,28,0,85,106,0,0,1,NA,NA,NA,NA,NA,21.73913043478261
60623,1,70,0,0,24,39,1,0,0,3,0,0,0,0,NA,NA,24,0,NA,NA,NA,NA,NA,NA,NA,NA,NA,NA,NA,NA,NA
65222,1,60,0,0,24,39,1,0,0,3,0,0,0,1,NA,NA,27,0,NA,NA,NA,NA,NA,NA,NA,NA,NA,NA,NA,NA,NA
72956,1,59,1,0,24,39,1,0,0,3,0,0,0,0,0,0,25,NA,28,0,117,130,0,0,1,NA,NA,NA,NA,NA,12
76926,1,66,0,0,24,39,1,0,0,3,0,0,0,0,NA,NA,20,0,NA,NA,NA,NA,NA,NA,NA,NA,NA,NA,NA,NA,NA
80130,1,63,0,0,24,39,1,0,0,3,0,0,0,2,2,1,22,NA,30,0,103,113,0,0,1,NA,NA,NA,NA,NA,36.36363636363637
83158,1,60,0,0,24,39,1,0,0,3,0,0,0,0,1,1,21,NA,23,0,94,110,0,0,1,NA,NA,NA,NA,NA,9.523809523809524
93600,1,67,1,0,24,39,1,0,0,3,0,0,0,0,0,0,21,NA,23,0,84,96,0,0,1,NA,NA,NA,NA,NA,9.523809523809524
17724,0,56,0,0,26,40,1,0,0,3,0,0,0,NA,0,0,24,NA,31,0,82,107,0,NA,NA,NA,NA,0,2,20,29.166666666666668
31143,0,49,1,0,26,40,1,0,0,3,0,0,0,0,0,0,18,NA,16,0,54,92,0,NA,NA,NA,NA,0,2,20,-11.11111111111111
36792,0,48,1,0,26,40,1,0,0,3,0,0,0,0,NA,NA,17,0,NA,NA,NA,NA,NA,NA,NA,NA,NA,NA,NA,NA,NA
37556,0,49,0,0,26,40,1,0,0,3,0,0,0,0,0,0,24,NA,22,0,88,118,0,NA,NA,NA,NA,0,2,20,-8.333333333333332
45387,0,52,1,0,26,40,1,0,0,3,0,0,0,0,0,0,20,NA,23,0,72,103,0,NA,NA,NA,NA,0,2,20,15
53860,0,52,0,0,26,40,1,0,0,3,0,0,0,0,0,0,23,NA,26,0,94,120,0,NA,NA,NA,NA,0,2,20,13.043478260869565
55269,0,57,1,0,26,40,1,0,0,3,0,0,0,0,0,0,20,NA,20,0,75,101,0,NA,NA,NA,NA,0,2,20,0
68970,0,50,0,0,26,40,1,0,0,3,0,0,0,0,NA,NA,21,0,NA,NA,NA,NA,NA,NA,NA,NA,NA,NA,NA,NA,NA
72484,0,55,0,0,26,40,1,0,0,3,0,0,0,0,0,0,15,NA,26,0,60,92,0,NA,NA,NA,NA,0,2,20,73.33333333333333
72739,0,46,1,0,26,40,1,0,0,3,0,0,0,0,0,0,12,NA,18,0,62,103,0,NA,NA,NA,NA,0,2,20,50
86045,0,48,1,0,26,40,1,0,0,3,0,0,0,0,0,0,15,NA,18,0,62,100,0,NA,NA,NA,NA,0,2,20,20
94947,0,46,1,0,26,40,1,0,0,3,0,0,0,1,0,1,14,NA,14,0,64,106,0,NA,NA,NA,NA,0,2,20,0
98617,0,52,1,0,26,40,1,0,0,3,0,0,0,0,0,0,27,NA,23,0,78,106,0,NA,NA,NA,NA,0,2,20,-14.814814814814813
98754,0,53,1,0,26,40,1,0,0,3,0,0,0,1,0,0,23,NA,22,0,95,118,0,NA,NA,NA,NA,0,2,20,-4.3478260869565215
215,1,66,1,0,40,41,1,0,0,3,0,0,1,0,NA,NA,22,1,NA,NA,NA,NA,NA,NA,NA,NA,NA,NA,NA,NA,NA
13953,1,65,1,0,40,41,1,0,0,3,0,0,0,0,0,0,22,NA,25,0,101,111,0,0,1,NA,NA,0,0,20,13.636363636363635
21558,1,62,1,0,40,41,1,0,0,3,0,0,0,0,0,NA,22,NA,25,0,108,118,0,0,1,NA,NA,0,0,20,13.636363636363635
28101,1,64,0,0,40,41,1,0,0,3,0,0,0,0,0,0,26,NA,20,0,89,103,0,0,1,NA,NA,0,0,20,-23.076923076923077
29099,1,62,0,0,40,41,1,0,0,3,0,0,0,0,0,0,23,NA,21,0,62,85,0,0,1,NA,NA,0,0,20,-8.695652173913043
30391,1,65,1,0,40,41,1,0,0,3,0,0,0,0,0,0,20,NA,21,0,55,80,0,0,1,NA,NA,0,0,20,5
36139,1,64,1,0,40,41,1,0,0,3,0,0,0,0,NA,NA,19,0,NA,NA,NA,NA,NA,NA,NA,NA,NA,NA,NA,NA,NA
44703,1,58,1,0,40,41,1,0,0,3,0,0,0,0,0,0,15,NA,15,0,65,91,0,0,1,NA,NA,0,0,20,0
46186,1,60,1,0,40,41,1,0,0,3,0,0,0,0,0,0,16,NA,18,0,52,80,0,0,1,NA,NA,0,0,20,12.5
61117,1,65,0,0,40,41,1,0,0,3,0,0,0,0,0,0,23,NA,23,0,76,91,0,0,1,NA,NA,0,0,20,0
66920,1,69,0,0,40,41,1,0,0,3,0,0,0,0,0,1,27,NA,29,0,116,117,0,0,1,NA,NA,0,0,20,7.4074074074074066
76915,1,64,1,0,40,41,1,0,0,3,0,0,0,0,0,0,23,NA,22,0,86,101,0,0,1,NA,NA,0,0,20,-4.3478260869565215
78098,1,63,1,0,40,41,1,0,0,3,0,0,0,0,0,0,28,NA,22,0,77,94,0,0,1,NA,NA,0,0,20,-21.428571428571427
89192,1,59,1,0,40,41,1,0,0,3,0,0,0,0,0,0,24,NA,25,0,94,112,0,0,1,NA,NA,0,0,20,4.166666666666666
11305,0,76,1,1,1,42,1,0,0,1,0,0,0,0,NA,NA,20,0,NA,NA,NA,NA,NA,NA,NA,NA,NA,NA,NA,NA,NA
17843,0,74,1,1,1,42,1,0,0,1,0,0,0,NA,0,0,29,NA,30,0,116,113,0,NA,NA,NA,NA,0,2,8,3.4482758620689653
23658,0,79,1,1,1,42,1,0,0,1,0,0,0,0,0,0,31,NA,30,0,128,118,0,NA,NA,NA,NA,0,2,8,-3.225806451612903
37802,0,79,0,1,1,42,1,0,0,1,0,0,0,0,0,2,33,NA,32,0,115,108,0,NA,NA,NA,NA,0,2,8,-3.0303030303030303
41537,0,77,0,1,1,42,1,0,0,1,0,0,0,0,0,0,27,NA,30,0,135,126,0,NA,NA,NA,NA,0,2,8,11.11111111111111
44955,0,73,0,1,1,42,1,0,0,1,0,0,0,1,1,1,30,NA,32,0,120,117,0,NA,NA,NA,NA,0,2,8,6.666666666666667
53420,0,74,0,1,1,42,1,0,0,1,0,0,0,0,0,0,28,NA,27,0,101,101,0,NA,NA,NA,NA,0,2,8,-3.571428571428571
54399,0,79,0,1,1,42,1,0,0,1,0,0,0,2,0,2,27,NA,28,0,131,120,0,NA,NA,NA,NA,0,2,8,3.7037037037037033
64222,0,75,1,1,1,42,1,0,0,1,0,0,0,0,NA,NA,28,0,NA,NA,NA,NA,NA,NA,NA,NA,NA,NA,NA,NA,NA
65204,0,72,1,1,1,42,1,0,0,1,0,0,0,3,NA,NA,17,0,NA,NA,NA,NA,NA,NA,NA,NA,NA,NA,NA,NA,NA
65236,0,75,1,1,1,42,1,0,0,1,0,0,0,1,1,1,21,NA,20,0,92,94,0,NA,NA,NA,NA,0,2,8,-4.761904761904762
75959,0,80,1,1,1,42,1,0,0,1,0,0,0,NA,0,0,27,NA,31,0,128,116,0,NA,NA,NA,NA,0,2,8,14.814814814814813
81084,0,74,1,1,1,42,1,0,0,1,0,0,0,0,0,0,25,NA,24,0,91,93,0,NA,NA,NA,NA,0,2,8,-4
85158,0,72,1,1,1,42,1,0,0,1,0,0,0,1,1,1,24,NA,28,0,105,106,0,NA,NA,NA,NA,0,2,8,16.666666666666664
89650,0,78,1,1,1,42,1,0,0,1,0,0,0,NA,1,2,31,NA,32,0,124,114,0,NA,NA,NA,NA,0,2,8,3.225806451612903
96148,0,85,0,1,1,42,1,0,0,1,0,0,0,NA,0,0,25,NA,28,0,110,96,0,NA,NA,NA,NA,0,2,8,12
602,1,69,1,0,42,43,0,1,100,1,0,0,1,0,0,0,25,NA,29,1,112,115,1,NA,NA,NA,NA,NA,NA,NA,16
10141,1,65,1,0,42,43,0,1,100,1,0,0,0,0,0,0,26,NA,29,0,109,117,0,0,1,17,4,0,1,26,11.538461538461538
10964,1,68,1,0,42,43,0,1,100,1,0,0,0,0,0,2,23,NA,26,0,101,107,0,0,1,17,4,0,1,26,13.043478260869565
16095,1,62,0,0,42,43,0,1,100,1,0,0,0,0,0,1,19,NA,24,0,71,91,0,0,1,17,4,0,1,26,26.31578947368421
23327,1,61,0,0,42,43,0,1,100,1,0,0,0,0,1,2,25,NA,24,0,76,98,0,0,1,17,4,0,1,26,-4
34221,1,66,0,0,42,43,0,1,100,1,0,0,0,0,0,0,28,NA,24,0,81,94,0,0,1,17,4,0,1,26,-14.285714285714285
38376,1,66,0,0,42,43,0,1,100,1,0,0,0,0,0,3,26,NA,25,0,92,103,0,0,1,17,4,0,1,26,-3.8461538461538463
40205,1,58,0,0,42,43,0,1,100,1,0,0,0,0,0,0,21,NA,16,0,58,86,0,0,1,17,4,0,1,26,-23.809523809523807
41851,1,63,1,0,42,43,0,1,100,1,0,1,0,0,0,0,20,NA,23,0,59,83,0,0,1,17,4,0,1,26,15
42894,1,69,0,0,42,43,0,1,100,1,0,0,0,0,0,0,22,NA,21,0,88,98,0,0,1,17,4,0,1,26,-4.545454545454546
52067,1,60,1,0,42,43,0,1,100,1,0,0,0,0,0,0,23,NA,31,0,106,120,0,0,1,17,4,0,1,26,34.78260869565217
52216,1,62,0,0,42,43,0,1,100,1,0,1,0,0,NA,0,22,NA,23,0,79,98,0,0,1,17,4,0,1,26,4.545454545454546
69369,1,67,1,0,42,43,0,1,100,1,0,1,0,1,0,1,21,NA,19,0,73,89,0,0,1,17,4,0,1,26,-9.523809523809524
75258,1,65,1,0,42,43,0,1,100,1,0,1,0,1,NA,NA,17,0,NA,NA,NA,NA,NA,NA,NA,NA,NA,NA,NA,NA,NA
77405,1,69,1,0,42,43,0,1,100,1,0,0,0,0,NA,NA,18,0,NA,NA,NA,NA,NA,NA,NA,NA,NA,NA,NA,NA,NA
81400,1,61,0,0,42,43,0,1,100,1,0,0,0,0,0,0,26,NA,25,0,102,114,0,0,1,17,4,0,1,26,-3.8461538461538463
96681,1,68,0,0,42,43,0,1,100,1,0,0,0,0,0,0,22,NA,26,0,109,113,0,0,1,17,4,0,1,26,18.181818181818183
98363,1,60,1,0,42,43,0,1,100,1,0,1,0,0,0,0,20,NA,16,0,62,87,0,0,1,17,4,0,1,26,-20
600,1,80,0,1,27,44,0,1,100,1,0,0,1,0,NA,NA,34,1,NA,NA,NA,NA,NA,NA,NA,NA,NA,NA,NA,NA,NA
601,1,76,0,1,27,44,0,1,100,1,0,0,1,1,NA,NA,32,1,NA,NA,NA,NA,NA,NA,NA,NA,NA,NA,NA,NA,NA
17895,1,77,0,1,27,44,0,1,100,1,0,1,0,1,NA,0,27,NA,34,0,124,114,0,0,9,24,5,58,2,27,25.925925925925924
18456,1,76,1,1,27,44,0,1,100,1,0,0,0,0,NA,NA,29,0,NA,NA,NA,NA,NA,NA,NA,NA,NA,NA,NA,NA,NA
30418,1,78,0,1,27,44,0,1,100,1,0,0,0,1,0,2,29,NA,26,0,113,106,0,0,9,24,5,58,2,27,-10.344827586206897
35709,1,74,0,1,27,44,0,1,100,1,0,0,0,1,0,0,30,NA,31,0,109,108,0,0,9,24,5,58,2,27,3.3333333333333335
36662,1,72,1,1,27,44,0,1,100,1,0,0,0,1,NA,0,29,NA,27,0,120,117,0,0,9,24,5,58,2,27,-6.896551724137931
39929,1,73,0,1,27,44,0,1,100,1,0,0,0,2,2,3,28,NA,31,0,119,117,0,0,9,24,5,58,2,27,10.714285714285714
44966,1,77,1,1,27,44,0,1,100,1,0,0,0,0,NA,0,33,NA,36,0,126,119,0,0,9,24,5,58,2,27,9.090909090909092
50692,1,79,1,1,27,44,0,1,100,1,0,0,0,2,NA,0,28,NA,27,0,94,90,0,0,9,24,5,58,2,27,-3.571428571428571
52439,1,75,0,1,27,44,0,1,100,1,0,0,0,0,0,0,29,NA,32,0,104,103,0,0,9,24,5,58,2,27,10.344827586206897
72000,1,80,0,1,27,44,0,1,100,1,0,0,0,2,NA,NA,23,0,NA,NA,NA,NA,NA,NA,NA,NA,NA,NA,NA,NA,NA
75335,1,78,1,1,27,44,0,1,100,1,0,0,0,0,NA,0,31,NA,33,0,111,104,0,0,9,24,5,58,2,27,6.451612903225806
76875,1,76,1,1,27,44,0,1,100,1,0,0,0,0,0,0,25,NA,29,0,105,102,0,0,9,24,5,58,2,27,16
78929,1,67,0,1,27,44,0,1,100,1,0,0,0,0,NA,NA,26,0,NA,NA,NA,NA,NA,NA,NA,NA,NA,NA,NA,NA,NA
84213,1,80,0,1,27,44,0,1,100,1,0,0,0,1,NA,NA,22,0,NA,NA,NA,NA,NA,NA,NA,NA,NA,NA,NA,NA,NA
91535,1,74,0,1,27,44,0,1,100,1,0,0,0,0,NA,0,25,NA,25,0,104,103,0,0,9,24,5,58,2,27,0
91538,1,77,1,1,27,44,0,1,100,1,0,0,0,1,0,1,31,NA,27,0,106,103,0,0,9,24,5,58,2,27,-12.903225806451612
95949,1,75,0,1,27,44,0,1,100,1,0,0,0,0,0,0,37,NA,31,0,127,121,0,0,9,24,5,58,2,27,-16.216216216216218
500,0,81,0,1,20,45,1,0,0,3,0,0,0,0,NA,NA,25,0,NA,NA,NA,NA,NA,NA,NA,NA,NA,NA,NA,NA,NA
501,0,82,1,1,20,45,1,0,0,3,0,0,0,0,NA,NA,33,0,NA,NA,NA,NA,NA,NA,NA,NA,NA,NA,NA,NA,NA
502,0,80,1,1,20,45,1,0,0,3,0,0,0,1,NA,NA,32,0,NA,NA,NA,NA,NA,NA,NA,NA,NA,NA,NA,NA,NA
503,0,80,0,1,20,45,1,0,0,3,0,0,0,1,1,2,31,NA,31,0,130,117,0,NA,NA,NA,NA,0,2,24,0
504,0,81,0,1,20,45,1,0,0,3,0,0,0,0,NA,NA,31,1,NA,NA,NA,NA,NA,NA,NA,NA,NA,NA,NA,NA,NA
17960,0,74,0,1,20,45,1,0,0,3,0,0,0,0,0,0,26,NA,27,0,108,107,0,NA,NA,NA,NA,0,2,24,3.8461538461538463
21062,0,87,0,1,20,45,1,0,0,3,0,0,0,0,0,0,27,NA,30,0,116,99,0,NA,NA,NA,NA,0,2,24,11.11111111111111
24681,0,76,0,1,20,45,1,0,0,3,0,0,0,0,0,0,31,NA,32,0,149,137,0,NA,NA,NA,NA,0,2,24,3.225806451612903
24702,0,74,0,1,20,45,1,0,0,3,0,0,0,0,1,1,23,NA,29,0,106,106,0,NA,NA,NA,NA,0,2,24,26.08695652173913
39425,0,74,1,1,20,45,1,0,0,3,0,0,0,0,0,0,27,NA,30,0,133,127,0,NA,NA,NA,NA,0,2,24,11.11111111111111
51981,0,74,1,1,20,45,1,0,0,3,0,1,0,0,0,0,25,NA,28,0,96,98,0,NA,NA,NA,NA,0,2,24,12
60884,0,74,0,1,20,45,1,0,0,3,0,0,0,0,0,1,29,NA,27,0,98,99,0,NA,NA,NA,NA,0,2,24,-6.896551724137931
67991,0,76,0,1,20,45,1,0,0,3,0,1,0,0,0,0,16,NA,13,0,91,90,0,NA,NA,NA,NA,0,2,24,-18.75
74936,0,76,1,1,20,45,1,0,0,3,0,0,0,0,0,0,33,NA,33,0,125,118,0,NA,NA,NA,NA,0,2,24,0
82719,0,83,0,1,20,45,1,0,0,3,0,0,0,0,NA,NA,36,0,NA,NA,NA,NA,NA,NA,NA,NA,NA,NA,NA,NA,NA
83565,0,85,0,1,20,45,1,0,0,3,0,0,0,0,NA,NA,32,0,NA,NA,NA,NA,NA,NA,NA,NA,NA,NA,NA,NA,NA
92279,0,74,0,1,20,45,1,0,0,3,0,0,0,0,0,0,33,NA,33,0,133,127,0,NA,NA,NA,NA,0,2,24,0
99870,0,74,1,1,20,45,1,0,0,3,0,0,0,0,0,0,28,NA,34,0,117,113,0,NA,NA,NA,NA,0,2,24,21.428571428571427
10478,0,65,1,0,5,46,0,1,84,2,0,0,0,3,NA,NA,14,1,NA,NA,NA,NA,NA,NA,NA,NA,NA,NA,NA,NA,NA
28028,0,56,0,0,5,46,0,1,84,2,0,0,0,0,0,0,18,NA,18,0,72,99,0,NA,NA,NA,NA,38,2,25,0
29249,0,54,0,0,5,46,0,1,84,2,0,0,0,1,0,0,19,NA,22,0,45,80,0,NA,NA,NA,NA,38,2,25,15.789473684210526
30975,0,67,1,0,5,46,0,1,84,2,0,0,0,0,NA,NA,24,0,NA,NA,NA,NA,NA,NA,NA,NA,NA,NA,NA,NA,NA
40485,0,63,1,0,5,46,0,1,84,2,1,0,0,0,0,0,13,NA,21,0,55,81,0,NA,NA,NA,NA,38,2,25,61.53846153846154
41186,0,49,0,0,5,46,0,1,84,2,1,0,0,2,0,0,10,NA,15,0,38,78,0,NA,NA,NA,NA,38,2,25,50
44024,0,61,0,0,5,46,0,1,84,2,1,1,0,NA,0,0,17,NA,13,0,49,77,0,NA,NA,NA,NA,38,2,25,-23.52941176470588
44102,0,63,0,0,5,46,0,1,84,2,1,1,0,0,NA,NA,15,0,NA,NA,NA,NA,NA,NA,NA,NA,NA,NA,NA,NA,NA
44931,0,63,1,0,5,46,0,1,84,2,0,0,0,0,0,0,23,NA,27,0,113,119,0,NA,NA,NA,NA,38,2,25,17.391304347826086
49256,0,67,1,0,5,46,0,1,84,2,0,0,0,2,0,0,25,NA,32,0,116,118,0,NA,NA,NA,NA,38,2,25,28.000000000000004
52558,0,51,0,0,5,46,0,1,84,2,1,0,0,0,0,0,16,NA,18,0,50,88,0,NA,NA,NA,NA,38,2,25,12.5
53470,0,57,1,0,5,46,0,1,84,2,1,0,0,0,0,0,20,NA,25,0,43,77,0,NA,NA,NA,NA,38,2,25,25
58178,0,59,0,0,5,46,0,1,84,2,1,0,0,0,0,0,24,NA,25,0,84,106,0,NA,NA,NA,NA,38,2,25,4.166666666666666
59697,0,62,0,0,5,46,0,1,84,2,1,0,0,2,NA,NA,16,1,NA,NA,NA,NA,NA,NA,NA,NA,NA,NA,NA,NA,NA
65026,0,65,1,0,5,46,0,1,84,2,1,1,0,0,0,0,12,NA,13,0,34,64,0,NA,NA,NA,NA,38,2,25,8.333333333333332
75320,0,69,1,0,5,46,0,1,84,2,0,0,0,0,NA,NA,15,0,NA,NA,NA,NA,NA,NA,NA,NA,NA,NA,NA,NA,NA
85284,0,54,0,0,5,46,0,1,84,2,1,0,0,NA,0,0,21,NA,20,0,57,89,0,NA,NA,NA,NA,38,2,25,-4.761904761904762
87036,0,52,0,0,5,46,0,1,84,2,0,0,0,0,NA,0,12,NA,NA,0,55,93,0,NA,NA,NA,NA,NA,NA,NA,NA
70010,0,78,1,1,49,47,0,1,87,3,0,0,0,0,0,0,22,NA,26,0,98,86,0,NA,NA,NA,NA,33,1,14,18.181818181818183
70011,0,80,1,1,49,47,0,1,87,3,0,0,0,0,0,0,18,NA,27,0,115,106,0,NA,NA,NA,NA,33,1,14,50
70012,0,76,1,1,49,47,0,1,87,3,0,0,0,0,0,0,29,NA,26,0,120,113,0,NA,NA,NA,NA,33,1,14,-10.344827586206897
70013,0,79,0,1,49,47,0,1,87,3,0,0,0,1,1,NA,24,NA,28,0,102,98,0,NA,NA,NA,NA,33,1,14,16.666666666666664
70014,0,80,1,1,49,47,0,1,87,3,0,0,0,0,0,0,22,NA,26,0,87,86,0,NA,NA,NA,NA,33,1,14,18.181818181818183
70015,0,73,1,1,49,47,0,1,87,3,0,0,0,0,0,0,19,NA,23,0,81,88,0,NA,NA,NA,NA,33,1,14,21.052631578947366
70016,0,77,0,1,49,47,0,1,87,3,0,0,0,1,0,1,20,NA,27,0,88,89,0,NA,NA,NA,NA,33,1,14,35
70017,0,70,1,1,49,47,0,1,87,3,0,0,0,0,0,0,22,NA,25,0,81,90,0,NA,NA,NA,NA,33,1,14,13.636363636363635
70018,0,74,1,1,49,47,0,1,87,3,0,0,0,0,0,0,26,NA,24,0,84,89,0,NA,NA,NA,NA,33,1,14,-7.6923076923076925
70019,0,76,1,1,49,47,0,1,87,3,0,0,0,1,0,0,21,NA,27,0,92,91,0,NA,NA,NA,NA,33,1,14,28.57142857142857
70020,0,78,1,1,49,47,0,1,87,3,0,0,0,1,0,NA,26,NA,31,0,92,89,0,NA,NA,NA,NA,33,1,14,19.230769230769234
70021,0,80,1,1,49,47,0,1,87,3,0,0,0,1,0,0,32,NA,34,0,138,123,0,NA,NA,NA,NA,33,1,14,6.25
70022,0,74,1,1,58,47,0,1,87,3,0,0,0,0,NA,NA,27,0,NA,NA,NA,NA,NA,NA,NA,NA,NA,NA,NA,NA,NA
70023,0,80,1,1,58,47,0,1,87,3,0,0,0,0,NA,NA,27,0,NA,NA,NA,NA,NA,NA,NA,NA,NA,NA,NA,NA,NA
