mintemp,maxtemp,rainfall,windgustdir,windgustspeed,winddir9am,winddir3pm,windspeed9am,windspeed3pm,humidity9am,humidity3pm,pressure9am,pressure3pm,temp9am,temp3pm,raintoday,risk_mm,raintomorrow,year,month,day_of_year
19.6,32.3,0,E,31,E,SW,7,15,55,44,1009.8,1007.1,25.3,30,No,0,No,2014,2,45
18.4,34.7,0,ENE,37,E,SE,17,15,43,16,1010.9,1006.5,24.6,33.7,No,0,No,2011,1,11
11.7,19.8,0.6,WNW,48,WNW,WNW,15,15,62,85,1013.8,1012.1,17.4,16.5,No,3.4,Yes,2013,9,261
13,24.9,0,SW,44,S,SSW,9,24,53,46,1019.3,1015.5,19.7,22.8,No,0,No,2014,12,347
17.8,28.5,0,SSW,39,S,SW,15,20,65,51,1012.8,1010.8,24.2,26.8,No,0,No,2011,12,357
9.7,21.6,2.2,SW,24,NE,W,7,11,84,59,1024.7,1022.4,15.4,20.3,Yes,0,No,2014,9,254
17.9,31,0,SSW,30,E,WSW,7,13,48,43,1007.6,1005.6,25.3,28.1,No,0,No,2013,12,364
9.7,27.4,0,SW,33,ENE,SW,9,17,51,34,1021.7,1018.1,21,25.8,No,0,No,2015,10,293
11.2,17.9,9,WNW,52,W,W,19,20,47,47,1008.1,1008.9,16.7,17.5,Yes,5,Yes,2019,10,304
12.9,19.6,13.6,W,31,NNE,W,9,15,90,57,1016,1015.4,15.1,18.1,Yes,4.8,Yes,2009,8,231
11.1,29.6,0,SSE,30,ESE,WSW,11,17,53,42,1018.3,1013.6,21.6,27.4,No,0,No,2009,11,313
1.6,19.3,0,ENE,20,NE,SE,4,4,87,46,1032.1,1029.2,9.7,18,No,0,No,2012,7,208
9,17.6,2.6,SSW,26,SE,S,9,9,83,55,1021.3,1020.4,13.1,16.7,Yes,0,No,2010,8,226
7.1,16.3,14.8,SW,35,NNE,S,2,15,96,56,1023.2,1024.7,10.5,15.7,Yes,1,No,2014,6,173
9.5,18.7,1.2,SSW,41,SSE,SW,7,20,81,54,1014,1013.3,14.7,16.8,Yes,0.2,No,2008,8,242
12.6,16.5,1.6,SSW,50,WSW,SW,22,22,53,59,1013.8,1016,15.1,14.7,Yes,0.4,No,2009,8,235
16.1,31.3,0.2,WSW,31,W,WSW,7,15,79,44,1007.9,1006.3,23,29.8,No,0,No,2009,2,46
18.4,24.9,1.4,SW,35,SW,SW,13,17,77,68,1010.4,1011,21.6,22.7,Yes,0,No,2014,11,332
2.8,17.1,0,NE,26,SE,E,9,9,65,48,1028.3,1024.8,10.8,15.2,No,0,No,2015,9,245
12.2,19.5,6.8,W,39,N,WSW,7,19,96,79,1014.9,1012.4,13.7,16.9,Yes,11.2,Yes,2012,7,213
11.8,17.6,8,W,69,W,WNW,19,28,59,57,1010.3,1010.3,15.8,17,Yes,3,Yes,2014,9,251
8.7,17.6,0.2,SW,52,NNE,WSW,11,19,75,69,1019.1,1016.5,13.9,15.5,No,6.6,Yes,2015,8,243
15.9,26.4,0,E,33,E,SE,13,17,54,32,1021.2,1016.4,19.8,25.4,No,0,No,2012,3,81
11.6,25.7,0.2,SW,39,ESE,SW,9,19,50,46,1016.7,1014.1,19.8,23.9,No,0,No,2019,1,25
16.3,21.8,0,WNW,31,SW,WSW,9,15,63,89,1018.1,1017.2,19.7,17.5,No,2.4,Yes,2013,10,277
22.4,33.1,0,ESE,48,SE,ESE,19,17,53,25,1006.8,1005.1,25.3,32.1,No,0,No,2012,1,29
9.1,18.7,0,NNE,39,ENE,ENE,13,19,52,41,1028.6,1024.7,12.6,18.5,No,0,No,2008,8,223
14.9,33.1,0,ENE,30,ENE,NE,11,9,49,23,1016.9,1013.2,21.9,32.6,No,0,No,2018,4,106
16.6,24.6,0.8,SW,31,SSE,SW,17,13,61,45,1016.4,1015.3,19.7,23.8,No,0,No,2018,3,86
17.4,31.3,0.2,SW,31,SE,SW,7,11,63,37,1020.2,1016.8,23.3,30.9,No,0,No,2019,3,70
7.9,19.7,0,NE,31,NE,N,11,15,86,41,1026,1021.9,11.7,18.7,No,0,No,2008,7,196
14.7,18.7,51.2,S,28,S,SSW,11,13,95,68,1016.1,1015.7,15.3,18.2,Yes,2,Yes,2014,8,242
10.3,18.3,0.2,WNW,33,NNE,WNW,11,13,87,68,1016.6,1015.1,13.4,16.6,No,4.2,Yes,2011,7,201
13.6,31.4,0,WSW,33,ENE,SW,7,17,47,44,1011.6,1008.1,23.5,26.8,No,0,No,2014,4,95
9.1,18.1,10.8,W,57,W,WNW,20,19,74,83,1017,1013.1,15.1,14.9,Yes,24.4,Yes,2018,8,215
6.5,16.6,5.6,SW,35,S,SW,13,15,64,42,1019.1,1018.2,11.4,16.4,Yes,0,No,2009,9,273
17.6,24.7,0,SSW,35,ESE,WSW,7,20,57,45,1017.2,1016.6,20.7,23.2,No,0,No,2010,11,327
4.6,22.8,0,NE,26,ENE,ESE,9,6,62,31,1035.1,1030.5,13.6,22.6,No,0,No,2019,8,232
8.5,23.5,0,SSW,26,NNE,SW,6,15,58,43,1020.9,1019.3,17.9,22.3,No,0,No,2019,10,275
13.8,20.6,10.6,WSW,44,W,NW,13,17,71,56,1010.1,1009.6,17.3,19.1,Yes,6.6,Yes,2017,10,290
12.4,20.2,1,WSW,52,NW,W,17,17,87,75,1013,1013.5,17.2,17.1,No,13.2,Yes,2011,9,264
12.6,20.5,0.8,ENE,15,E,NNE,2,6,91,70,1024.2,1021.7,14.4,20.1,No,0.8,No,2015,7,199
26.7,37.6,0,ESE,39,E,ESE,17,19,34,27,1011.3,1008.9,31.6,36.1,No,0,No,2010,2,57
13.1,28.1,0,SW,28,NE,SW,9,13,38,35,1016.6,1015.7,21.8,26.6,No,0,No,2017,4,101
12.7,16.9,1.8,SW,39,SSW,SSW,19,22,72,50,1013.4,1011.4,14.2,15.5,Yes,2.4,Yes,2009,9,271
14.8,23.6,0,NNE,35,NE,NNW,13,11,35,29,1027.9,1026.6,15.9,23,No,0,No,2014,8,226
9.7,25.6,0,NNE,20,ENE,NE,6,7,75,35,1027.4,1023.5,15.4,24.4,No,0,No,2017,6,156
21.6,30.1,0,SSW,39,SE,SSW,11,17,70,52,1003.4,1001.2,23.5,29.6,No,0,No,2009,1,28
9.7,24,0,ESE,19,E,ENE,4,6,73,43,1024.7,1021.6,16,23.5,No,0,No,2012,5,132
18.4,28.4,0,SSW,28,NW,W,9,11,59,63,1009.2,1008.2,27.1,24.5,No,0,No,2013,12,351
14.7,23,0,SSE,48,S,SSW,15,22,43,40,1010.6,1008.1,19.1,21.2,No,0,No,2010,12,336
16.2,35.2,0,E,33,E,ESE,13,13,48,22,1015.7,1010.3,24.6,34.5,No,0,No,2012,11,326
13.5,30.3,0,E,37,ESE,SE,20,13,41,26,1022,1019.3,19.5,29.4,No,0,No,2019,11,316
17,26,0,SW,33,SSW,SW,15,19,59,50,1014.7,1013,22.9,24.4,No,0,No,2015,12,347
15.8,25.3,0,SW,37,SSE,SW,15,19,50,52,1018.1,1016.1,21.4,24.2,No,0,No,2017,12,347
12.1,28.9,0,SSE,50,ESE,SSW,9,19,56,45,1021,1017,21.3,26,No,0,No,2019,10,299
6.5,18.2,1,NNW,31,NE,NW,9,11,83,48,1021.4,1018.6,10.2,16.5,No,0,No,2017,8,229
9.7,20.9,8.2,NE,24,SE,ESE,6,2,92,63,1019.8,1018.5,14.6,19.3,Yes,0,No,2011,5,138
23.8,37.2,0,SE,39,ENE,SE,19,17,48,29,1007.3,1003.3,29.7,35.9,No,0,No,2014,1,22
14,29.4,0,ENE,35,ENE,WNW,15,13,49,34,1017.1,1011.2,19.1,27.9,No,0.4,No,2010,4,101
15.6,28.5,0,SSW,30,SW,SW,7,17,65,53,1017.7,1015.1,21.3,27,No,0,No,2014,3,76
17.3,30.4,0,ESE,35,E,ESE,13,13,59,32,1020.9,1017.8,21.4,29.4,No,0,No,2015,4,95
22.7,41.8,0,NNE,43,NE,W,22,19,15,21,1010.5,1009.6,33.4,36.1,No,0,No,2009,1,16
23.8,35.3,0,SSW,35,ENE,ENE,13,9,34,22,1018.9,1014.5,28.2,34.6,No,0,No,2014,2,53
4.3,21,0,NE,20,ENE,ENE,9,9,79,38,1028.5,1025,10.9,20.3,No,0,No,2012,7,184
15.1,23.7,0,SSW,43,WSW,SW,7,20,54,52,1013.6,1012.4,20.5,21.5,No,0,No,2014,12,349
5.5,18.2,0,SE,30,SSE,SSE,4,11,77,75,1025.9,1024.4,11.7,17,No,0.2,No,2008,8,232
15.2,35.8,0,SW,39,ENE,SW,11,22,25,21,1008.4,1006.3,27.8,32.2,No,0,No,2015,1,12
19.6,33.5,0,SE,37,ENE,S,11,9,60,37,1012.9,1009.2,25.5,32.8,No,0,No,2020,2,54
21.7,32.3,0,SW,37,SW,SW,6,17,48,51,1011,1009.6,27.2,29.7,No,0,No,2014,2,36
4,21.5,0,NE,31,ENE,NNW,11,9,60,32,1024.3,1019,12.9,21,No,0,No,2010,8,239
15.4,32,0,ESE,35,E,SE,17,13,34,25,1021.7,1018.2,22.8,30.8,No,0,No,2014,12,359
6.5,21.9,0,SW,37,N,SW,9,15,48,66,1016.6,1011.8,17.8,18.9,No,1.6,Yes,2017,10,279
16.4,22.4,0.8,SW,41,SW,SW,15,13,76,50,1019.1,1018.9,18.6,21.3,No,0.2,No,2013,10,289
4.6,15.5,12.6,WSW,24,NNE,W,9,6,88,55,1024.3,1021.5,8,14.6,Yes,4,Yes,2015,8,221
11.1,22.3,0,SW,31,SE,SSW,6,15,63,51,1024,1020.5,17.5,21.7,No,0,No,2014,10,283
18.8,34.7,0,SSW,33,ESE,SSW,13,19,47,38,1010.4,1007,25.2,33,No,0,No,2018,1,20
15.4,20.8,5,SSW,37,SSW,SW,17,17,63,47,1021.6,1021.9,19.1,20.3,Yes,0,No,2014,10,282
5.3,21.7,0,SE,24,SE,SE,7,11,72,38,1026.7,1023.7,13.1,20.9,No,0,No,2019,5,146
8,22.9,0,W,22,SW,W,6,9,67,39,1020.3,1018.6,14.3,21.2,No,0,No,2017,5,133
20.4,34.7,13.4,ESE,39,ENE,E,7,9,37,25,1011.5,1010.1,26.4,33.4,Yes,0,No,2015,1,30
15.1,21.1,7.4,WNW,56,NW,NW,20,24,70,67,1007.5,1008.5,19.4,20.6,Yes,0.2,No,2013,8,243
11.9,28,0,N,28,NE,NW,11,9,69,43,1016.2,1012.7,18,27.4,No,7,Yes,2018,4,111
15.6,32.3,0,SE,43,ESE,SE,17,17,42,21,1016.2,1011.5,20.5,31.3,No,0,No,2015,1,8
12.7,17.6,3.6,SW,46,W,W,17,19,77,67,1011.6,1010.2,15.3,16.4,Yes,1.6,Yes,2009,8,234
3,19.7,0,NE,19,E,SE,7,6,70,37,1030.3,1027.1,10.4,19,No,0,No,2010,7,203
19.1,24.5,0,SSW,39,WNW,W,11,19,68,61,1013.3,1012.9,21.5,22.5,No,0.8,No,2009,3,76
14.7,28.1,0,NE,31,E,E,7,13,49,24,1026.2,1022.4,21.2,27.7,No,0,No,2019,4,116
26.1,38.1,0,NW,50,N,W,17,20,34,43,1006.1,1006,36.4,34.3,No,0.2,No,2011,1,28
9.9,17.5,12,WSW,70,W,W,20,24,51,62,1003.2,1005.5,15.2,15.1,Yes,21,Yes,2009,5,142
21.9,30.3,0,ENE,26,ENE,SW,9,11,57,49,1015.2,1012.6,25.1,28.2,No,0,No,2015,2,43
9.8,22.1,0,SW,28,SSW,SW,6,9,63,44,1022.3,1020.5,16,21.1,No,0,No,2015,5,145
15.1,27.8,4.8,ESE,37,ENE,SW,6,13,65,57,1015.7,1013.8,21.1,24.8,Yes,0,No,2009,4,104
12.1,24.5,0,SSW,31,ESE,SSE,15,15,59,30,1026.2,1021.9,16.5,23.4,No,0,No,2012,10,298
8.9,22.8,8.4,N,28,NNE,NNE,7,11,88,54,1021.3,1017.8,14.8,22.6,Yes,1.2,Yes,2014,7,186
16.3,24.7,12.4,NE,26,NE,W,13,9,94,77,1015.2,1013.6,17.6,24,Yes,3.2,Yes,2015,4,98
23.5,31,0,SSW,41,SSW,SSW,13,24,59,49,1010.9,1008.5,27.6,28.3,No,0,No,2014,1,26
7.4,20.6,0,NE,17,NE,ESE,9,9,87,63,1020.6,1017.6,13.6,19.8,No,0,No,2012,6,154
9.8,28.9,0,NE,31,ENE,E,11,9,48,21,1025.5,1021.3,19.6,28.4,No,0,No,2019,4,117
13.1,27.3,0,SSW,30,ENE,SW,11,17,59,50,1021.7,1018.9,20.2,26.2,No,0,No,2013,3,89
3.4,15.8,0,WSW,30,S,SW,6,20,84,44,1022.5,1020,9.2,15.1,No,1.6,Yes,2009,7,205
16.1,35.5,0,SSW,37,E,SSW,11,15,34,23,1017.2,1012.7,23.7,33.4,No,0,No,2019,1,27
20.1,33.4,0,SE,30,ESE,S,13,11,59,42,1012.4,1008.4,25,33.2,No,0,No,2018,1,22
10.9,19.6,5,SW,52,W,W,19,19,66,56,1011.2,1011.1,15.5,17.9,Yes,13,Yes,2019,11,305
15.6,23.9,0,S,48,SSW,SW,20,26,43,48,1012.2,1011.9,20.1,23.3,No,0,No,2009,12,357
3.1,18.8,0,WSW,20,NE,W,9,11,90,55,1027.4,1024.9,8.8,17.9,No,0,No,2012,7,196
12.9,23.5,0.2,ESE,31,ESE,SSE,13,13,56,38,1019.9,1017.2,18.2,22,No,0,No,2011,10,301
14.1,20.5,0,SW,43,SW,WSW,22,17,48,55,1015.7,1016.2,17.7,18.2,No,0,No,2010,10,275
18.4,31.7,0,SSW,31,ENE,SE,11,11,47,23,1024.2,1020.7,23.2,31.3,No,0,No,2011,3,90
13.8,25.7,0,NE,30,NE,W,13,11,64,52,1012.8,1008.1,18,24.7,No,1.6,Yes,2014,9,248
12.9,20.6,1.8,SW,30,SSE,SSW,15,17,54,42,1022.5,1021.3,16.8,19.3,Yes,0,No,2015,10,288
6.2,26,0,NW,31,NNE,W,13,13,30,28,1020.4,1014.8,18.8,24.5,No,1.8,Yes,2009,9,270
15.7,27.4,0,SE,39,E,ESE,17,17,48,31,1023.5,1017.7,19.8,27,No,0,No,2012,3,83
16.5,31.6,0,SSW,37,SSE,SW,9,20,55,43,1013.8,1011,23.3,26.9,No,0,No,2018,12,365
2.5,24.2,0,N,28,NE,WSW,15,7,41,21,1032.5,1029.9,14.7,22.9,No,0,No,2008,8,230
14.6,26.1,0,SW,37,S,SSW,7,19,53,56,1015.8,1014.7,21.8,22,No,0,No,2018,11,307
15.9,30.1,0,SW,43,SE,SW,13,20,51,42,1017.2,1014.6,20.6,27.7,No,0,No,2009,1,14
9.8,21.6,1.2,SW,41,S,SW,11,24,69,57,1021.9,1018.8,15,19.5,Yes,0,No,2008,9,249
11.1,27.3,0,SW,33,ENE,SE,15,11,38,16,1023.9,1019.2,18.9,26.1,No,0,No,2010,10,289
5.9,21.8,0.2,SE,28,E,E,11,11,48,27,1029.7,1025.9,14.7,21,No,0,No,2015,10,279
21.6,36.1,0,SW,37,E,SSW,15,17,45,42,1012.8,1010.1,28.5,31.3,No,0,No,2020,2,44
16.8,31,0,W,35,ENE,W,9,19,49,41,1012.4,1010.9,24.3,27,No,0,No,2019,2,51
6.8,17.2,1.2,SE,20,NNE,SW,7,11,83,55,1027.3,1027.4,10.1,16.9,Yes,0.2,No,2015,7,191
20.2,23,0,SW,46,WSW,SW,17,22,74,51,1015.9,1017.6,20.9,21.7,No,0,No,2019,4,94
9,19.8,1.8,WSW,50,NW,WNW,9,20,75,52,1015.5,1012.6,14.9,18.7,Yes,3.8,Yes,2009,9,244
16.7,34.2,0,SW,43,E,SSW,9,22,49,44,1017.2,1014.8,26.5,30.6,No,0,No,2014,1,10
17,24.2,0.8,NW,35,WNW,WNW,15,17,67,52,1010.2,1011,19.9,22.8,No,0.4,No,2008,12,339
10.3,19.5,0.2,SW,46,SSE,SW,9,17,68,43,1020.9,1020.8,14.3,18.7,No,0,No,2008,10,304
5.5,18.8,0.2,SW,28,NE,W,6,13,61,57,1023.4,1022,14.6,17.4,No,0,No,2013,10,274
4.7,17.1,0.2,S,24,NNE,S,6,15,70,50,1027.5,1026.5,11.2,16.4,No,0,No,2008,8,216
8.7,15.5,3.6,SW,50,NW,SSW,13,13,88,76,1016.5,1018.7,13.7,11.7,Yes,13.6,Yes,2017,7,186
16.9,29.2,0,ESE,30,SSE,SW,13,13,72,51,1016.1,1013.3,20.1,26,No,0,No,2018,3,82
18.1,36.4,0,ENE,41,ENE,SSW,15,11,20,13,1017.4,1013.8,27.9,36.1,No,0,No,2010,11,332
17.6,34.7,0,SW,35,E,SSW,13,19,46,35,1014.1,1010.2,25,32.1,No,0,No,2017,12,364
5.1,20.9,0,WNW,28,SW,W,9,11,66,60,1020,1017.8,13.2,19.3,No,5.2,Yes,2018,9,246
18.5,29.7,0,SSW,39,SE,SSW,15,20,60,52,1018.8,1015.9,22.9,27.3,No,0,No,2015,2,37
18.9,26.3,0,NNE,35,N,WNW,11,13,47,65,1014.9,1014.1,23.1,24,No,6.4,Yes,2012,5,124
18.6,23.9,1.2,SW,43,SSW,SW,22,20,64,45,1009.3,1009.1,19.8,22.8,Yes,0,No,2020,1,30
3.5,23.5,0,ENE,17,NE,E,4,2,57,28,1030.4,1027.7,12.8,22.7,No,0,No,2012,5,147
16,29.8,0,ESE,28,ENE,WNW,7,11,53,51,1018.3,1016.2,19.3,27.6,No,0,No,2012,4,99
16.7,34.2,0,SW,35,ENE,SW,9,17,28,24,1005.3,1000.2,26.4,33.2,No,0,No,2012,3,78
11.2,24.6,0,NNW,48,NE,N,15,17,77,36,1009.5,1003.5,16.3,22.9,No,18,Yes,2011,8,225
16.4,29.5,0,SSW,41,SE,SSW,11,22,49,49,1012.4,1009.2,24.1,25.9,No,0,No,2017,12,349
15.5,34.1,0,ENE,37,ENE,S,17,13,37,16,1019.1,1014.7,23.4,33.7,No,0,No,2009,12,352
20.7,25.1,0,SSW,44,WSW,WSW,19,20,57,54,1009.6,1009.4,22.4,23.3,No,0.6,No,2012,1,6
8.5,20.8,0.6,SW,37,SE,SW,13,19,43,40,1024.2,1021.8,15.3,19.5,No,0,No,2011,10,292
15,22.6,1,WSW,39,SSW,SW,17,19,58,58,1018.2,1017.9,19.7,20.4,No,0,No,2015,12,341
9.7,20.1,0,NNW,19,NNE,WNW,7,2,99,67,1029.2,1027.8,13.3,18,No,0,No,2018,6,172
12.9,18.2,11.8,W,44,WSW,W,17,17,79,70,1011.4,1010.8,14.4,17.5,Yes,5,Yes,2017,7,201
15.3,24,0,NW,48,NW,WNW,19,15,65,84,1010.5,1009.8,22.6,19.7,No,2.2,Yes,2011,11,321
12.3,23,0,SSW,26,SE,S,13,9,53,35,1022.9,1019.6,16.6,22.5,No,0,No,2011,5,126
18.6,27.3,0,SW,41,SSW,SSW,13,24,58,45,1016.9,1015.4,23.1,25.3,No,0,No,2019,12,361
10,20.1,0.6,SW,35,S,SW,13,19,60,52,1020.1,1018.5,16.5,19.5,No,0,No,2009,10,302
14,25.8,0,SSW,39,SE,SW,4,22,63,47,1017.3,1015.9,19.1,23.8,No,0,No,2008,12,347
16.9,22.5,11.2,NNE,22,N,WSW,2,9,82,66,1009,1006.2,20.6,22.2,Yes,10.4,Yes,2012,5,126
13.9,22.3,0,S,24,ESE,SW,2,11,68,56,1024.1,1021.8,19.3,21.7,No,0,No,2009,4,115
13.8,28.2,0,SSW,46,NE,SSW,19,26,43,45,1022,1017.7,20.6,24.7,No,0,No,2011,11,324
16.5,29.9,0,SW,44,SSE,SW,15,20,53,46,1013.4,1010.3,21.5,26.8,No,0,No,2017,11,329
3.4,18.7,0,NE,37,NNE,NNE,7,11,60,35,1031.3,1026.1,11.6,18.6,No,0,No,2017,6,180
13.8,21.4,0.6,W,26,SW,W,2,11,52,46,1021.3,1020.6,17.5,20.4,No,0,No,2018,10,288
11.5,28.4,0,SSW,20,ENE,SW,4,11,63,38,1021.7,1017.2,18.6,26.2,No,0,No,2013,4,114
11.3,21,0.6,WNW,35,NNE,NNW,9,11,90,87,1018.6,1015.2,15.8,18.8,No,10,Yes,2013,6,160
12.6,19.8,9.6,SW,56,W,W,20,22,49,49,1007.6,1009.3,16.8,19.1,Yes,1,No,2012,11,334
13.9,18.3,4.8,W,41,WNW,WSW,11,11,86,93,1015.2,1014.1,16.8,14.3,Yes,16.2,Yes,2009,8,232
19.1,34.9,0,ENE,33,NE,NE,17,7,39,19,1014.9,1010.4,25.5,34.5,No,0,No,2011,3,73
16,24.2,0,WSW,35,ENE,SW,7,17,57,49,1019.5,1016.1,19.6,22.5,No,0,No,2013,3,80
9.7,18,11.6,WNW,39,NNE,WNW,7,11,93,86,1012.3,1008.4,12.5,15.3,Yes,30.6,Yes,2008,7,211
20.1,25.5,0,NW,31,NE,NW,9,15,25,59,1012.4,1010.7,24.1,24.1,No,40.8,Yes,2012,4,119
12.9,23,0,SSW,33,S,SSW,9,17,60,54,1017.4,1015,17.8,21.9,No,0,No,2018,12,335
3,18,1,SW,31,SSE,SW,11,15,59,42,1029,1026.4,13.2,16.8,No,0,No,2019,9,263
13.1,22.8,1.6,SSW,35,SSW,SW,9,17,74,49,1013.7,1014.4,18.5,21.2,Yes,0,No,2018,12,340
9.1,15,9.2,S,33,S,SSE,11,13,76,45,1026.5,1024.5,10.7,14.8,Yes,0,No,2015,7,189
15.2,29.8,0,SW,39,E,SW,9,15,50,36,1016.5,1014.2,23.1,28.5,No,0,No,2017,11,308
12.8,29.4,0,SSW,24,E,SW,9,15,52,40,1013.5,1011.6,21.1,27.9,No,0,No,2009,4,107
15.6,29.1,0,SW,35,ESE,SSW,11,15,52,36,1019.2,1014.4,20.6,27.5,No,0,No,2018,2,59
17.4,30.5,0,SE,56,SE,SE,20,13,49,26,1016.6,1013.7,21.9,29.8,No,0,No,2010,11,330
15.6,31.9,0,ENE,39,ENE,E,20,9,39,27,1008.1,1004.6,24.4,31,No,0,No,2013,11,325
18.7,31.7,0,ENE,44,E,E,11,17,55,37,1015.6,1013.4,23.7,31.4,No,0,No,2014,3,81
9.4,20.6,8.4,SW,35,SSE,SSW,13,13,54,41,1019,1016.9,16.1,19.6,Yes,0,No,2010,10,294
15.4,23.2,0,NE,41,NE,ENE,19,17,48,35,1019.3,1015.5,17.6,22.8,No,0,No,2012,6,157
15.6,34.5,0,SSW,37,ENE,WSW,13,19,42,41,1015.7,1011.9,24.8,29.3,No,0,No,2019,12,355
12.2,26.5,0,SW,44,E,SW,13,22,44,40,1023.3,1018.2,19.1,23.6,No,0,No,2010,10,296
9.3,18.3,19.2,W,33,WNW,WSW,7,15,65,57,1018,1017.6,15.6,17.4,Yes,0,No,2008,7,206
13.1,23.7,0,SW,43,E,SW,7,24,48,42,1017.4,1015.4,19.9,21.8,No,0,No,2017,11,334
11.8,21.5,0,SW,43,SSE,SW,9,24,83,64,1016.8,1015.3,15.3,19.7,No,0,No,2010,5,129
16.4,24.7,0,WSW,35,WSW,WSW,11,17,75,47,1014.6,1013.9,21.8,23.5,No,0,No,2018,4,97
18.7,24.7,0,SSW,50,SW,SW,20,28,66,57,1013,1013.2,22.7,23,No,0,No,2014,12,346
11.9,22.9,0,N,37,NNW,W,15,15,68,67,1010.6,1009.5,20.3,20.2,No,12.4,Yes,2013,10,281
15.7,25.8,0,SW,33,SW,SW,13,15,58,49,1022.7,1020.7,20.8,25,No,0,No,2008,10,292
21.5,29.4,0,SE,41,SE,E,15,15,64,45,1013.2,1011.7,22.4,28.2,No,0,No,2009,2,44
12.2,21.1,8.4,SW,46,NW,SW,6,22,97,72,1011,1011.2,17.1,18.8,Yes,8.8,Yes,2012,6,171
12.4,24,0,E,30,ESE,E,13,11,70,50,1027,1023.2,14.7,22.3,No,0,No,2014,8,222
1.8,21.8,0,NNE,13,SW,NNE,6,4,79,32,1028.5,1025.8,9.7,20.8,No,0,No,2012,7,202
15.2,20.1,3.8,SSW,41,W,W,15,13,53,63,1016.4,1016.2,18.8,17.4,Yes,0.4,No,2012,10,277
17.8,27,0,W,46,NW,W,13,13,66,59,1014.8,1012.6,24,25.2,No,0,No,2015,11,327
7.5,24.5,0,NW,19,NE,WNW,7,9,69,49,1021.2,1017.5,13.5,22,No,0.2,No,2012,8,224
15.2,27.8,0,SW,46,SSE,SW,17,24,51,45,1015.1,1011.3,19,24.3,No,0,No,2020,2,40
8.6,21.6,0,SSE,28,SSE,S,4,13,59,39,1023.2,1020.6,15.8,20.5,No,0,No,2017,5,130
17.9,35.9,0,SE,33,E,SSW,11,11,50,28,1015.2,1010.6,25.1,35.6,No,0,No,2018,11,320
7.6,15.7,0,SE,22,ENE,E,7,9,71,54,1019.2,1015.7,9.6,14.9,No,1.6,Yes,2009,6,173
10.3,20.5,0.6,S,20,S,SW,7,9,87,51,1018.9,1015,13.8,19.1,No,0,No,2013,5,138
10.5,34.3,0,NE,41,NE,NNE,20,19,21,12,1017.2,1012.9,25.1,33.5,No,0,No,2012,10,275
14.3,36.1,0,S,28,E,SW,7,17,35,16,1013.1,1010.1,28.2,34.5,No,0,No,2017,12,355
16.3,29.2,0,SW,37,E,SSE,19,17,53,26,1013,1009.2,20.7,28,No,0,No,2012,3,74
10.2,23.2,0,SSW,33,SSE,SW,7,17,69,51,1025.1,1022.1,16.3,20.9,No,0,No,2015,9,269
0.8,15.6,0,ENE,17,SSE,WSW,6,2,82,48,1029.7,1025.7,7.3,14.7,No,1.2,Yes,2015,7,190
19.2,34.9,0,ESE,39,ESE,ESE,17,17,50,29,1019.7,1015.9,24.2,33.7,No,0,No,2019,2,39
9.5,21.8,0,NE,33,NE,ENE,11,15,54,38,1020.8,1016.2,15.7,21.3,No,0,No,2015,6,167
19.2,25.5,0.6,WNW,46,WNW,WNW,15,24,61,67,1014.4,1014.5,23.1,23.2,No,4.6,Yes,2012,4,93
9.8,21.8,0,NNE,30,E,NE,11,9,64,41,1023.3,1018.7,15.1,21.3,No,0,No,2013,5,134
24.6,37.1,0,ESE,46,E,E,13,13,37,18,1014,1011.5,28,36.9,No,0,No,2020,2,51
9.4,19.6,0,ESE,30,E,SE,13,13,60,55,1020.4,1015.9,13.9,18.9,No,0,No,2014,9,247
15.8,22,4.4,W,37,WSW,WNW,17,15,68,58,1017.3,1017.4,17,19.3,Yes,2.2,Yes,2012,10,288
3.2,22.1,0,W,26,NNE,WSW,7,13,66,37,1020.4,1017,10.2,20.7,No,3.2,Yes,2013,7,183
12.2,20.5,5.2,WSW,33,NNE,WSW,9,13,88,73,1015.7,1015.4,16.9,18.8,Yes,6.2,Yes,2017,9,254
9.4,25.1,0,NE,31,ENE,ENE,17,9,53,31,1022.7,1018,17.7,24.7,No,0,No,2017,10,274
11.8,26,0,SW,31,SE,WSW,4,13,67,54,1020.8,1018,20.1,24,No,0,No,2012,4,105
14.1,27.1,0,SSE,33,ENE,SW,17,17,57,44,1020.4,1017.3,20,25.9,No,0,No,2013,11,311
20.4,28.6,0,NW,33,WNW,W,11,15,67,49,1012.1,1010.5,24.5,27.5,No,0,No,2012,2,42
20.5,31.2,0,SW,30,WSW,SW,7,15,61,52,1011.4,1010.6,29.1,30.9,No,0,No,2010,12,358
1.2,17,0,NE,20,NE,SSE,7,6,97,52,1030.1,1028.5,7.5,15.6,No,0,No,2008,7,202
19.5,34.3,0,ENE,30,ENE,WSW,11,15,56,41,1013.6,1010.5,25.4,32.1,No,0,No,2020,2,43
2.8,20.7,0,NNE,37,NE,NE,17,15,37,20,1022.2,1018,12,20.6,No,0,No,2010,8,222
20.9,36.4,0,SW,31,ENE,SW,13,19,48,27,1020.3,1017.7,25.6,33.5,No,0,No,2011,3,84
17.2,28.4,0,SW,48,S,SW,13,26,58,46,1016.8,1015.2,21.8,25.4,No,0,No,2013,1,24
20.3,25.1,20.2,E,37,SSE,SSE,9,19,92,70,1002.6,1004,21.4,23.8,Yes,0,No,2012,2,34
15,23.9,0,NW,54,N,NW,11,17,57,66,1012.4,1010.6,21.4,21.9,No,3.8,Yes,2012,10,276
16.4,30.2,0,SW,39,E,SW,9,17,46,36,1018.9,1015.4,23.8,28.4,No,0,No,2019,11,327
14,26.6,0,SW,43,SSW,SW,15,24,57,52,1014.6,1014.6,21.6,23.5,No,0,No,2012,11,319
21.7,33,0.2,NE,39,NNE,W,7,13,62,49,1005.7,1002.5,25.3,30.8,No,0.2,No,2009,3,60
18,26.3,0,SW,37,S,SW,13,19,56,48,1015.8,1014.5,21.9,25.6,No,0,No,2020,2,47
11.8,17.1,0,SW,15,SW,SW,2,7,69,76,1028,1025,15.2,16.7,No,0,No,2015,8,225
15.6,24.8,0.2,WSW,19,WSW,W,7,9,76,56,1012.7,1011.4,19.3,23.7,No,0,No,2014,4,115
13.1,20.5,0,SW,41,SSW,SSW,11,20,66,37,1022,1022.2,16.6,18.8,No,0,No,2008,10,286
13.5,18.8,0.2,WSW,46,N,WNW,9,19,96,89,1014.4,1011.2,16.7,15.9,No,19.2,Yes,2012,8,225
5.9,21.3,0,NE,28,NE,ENE,11,9,58,37,1032,1028.5,13.9,20.9,No,0,No,2014,8,216
23.8,35.3,0,NE,31,ENE,ENE,13,11,54,42,1006.8,1004.2,28.9,34.2,No,0,No,2011,2,55
11.5,23.8,0,W,20,ENE,WNW,11,9,77,58,1017.3,1012.1,16.5,22.3,No,2.8,Yes,2012,8,233
5.8,16.8,0,ENE,26,ESE,E,2,7,93,62,1030.8,1026.9,11.7,16.2,No,0,No,2018,7,188
14.7,29.4,0,SW,35,ESE,SSW,11,17,44,35,1015.7,1010.7,22.3,27.4,No,0,No,2010,12,345
9.7,23.8,0,SW,35,E,SW,6,13,61,45,1020,1016.5,18.4,23.4,No,0,No,2020,3,90
8.9,27.1,0,WSW,24,SSE,WSW,4,13,46,44,1021.2,1018.5,19.3,25.5,No,0,No,2015,4,112
15.2,32.7,0,NNE,24,NE,W,11,9,41,26,1022.7,1020.2,22.8,29.5,No,0,No,2018,5,132
17.8,32.7,0,SW,43,SE,SW,9,19,58,38,1007.8,1004.3,23.7,31.9,No,0,No,2009,1,27
10.3,20.5,0,ENE,31,E,E,9,9,71,46,1025.6,1021.4,15.1,19.4,No,0,No,2011,5,145
14.7,25.6,0,SW,46,SSE,SSW,19,20,55,42,1019.3,1016.6,19.4,23.8,No,0,No,2017,11,325
20,42.1,0,WSW,33,NE,WSW,15,17,23,19,1012.6,1009.8,35.3,37.2,No,0,No,2019,1,20
13.1,27.8,0,SSW,37,E,SSW,13,17,38,40,1019.5,1016.6,20.7,25.7,No,0,No,2017,12,335
13.4,37,0,NE,37,NE,WSW,20,17,17,12,1015.8,1012.4,29.2,34.4,No,0,No,2010,11,307
5.8,19.7,0,NNE,31,E,E,7,11,59,27,1031.8,1028.7,12.2,18.9,No,0,No,2008,8,226
14.3,19.8,5.8,SW,31,ESE,SW,9,13,71,42,1022,1021.7,15.3,18.8,Yes,0,No,2014,8,234
14.3,22.5,0,SW,31,SW,WSW,11,15,61,44,1018.6,1016.9,19.1,20.9,No,0,No,2017,10,297
17.4,23.3,7,WNW,44,NNE,WNW,11,19,95,67,1012,1010.2,17.9,22.8,Yes,4,Yes,2018,4,112
8.6,22.5,0,ENE,24,E,NNW,9,4,79,37,1022,1018.4,13.1,22.1,No,0,No,2017,5,132
8.9,17.4,0,N,43,N,NNW,15,7,68,97,1013.6,1013.2,14.9,14.9,No,19.2,Yes,2008,7,205
9,21.7,0,E,19,NE,NE,7,7,78,54,1027.1,1022.8,13.3,21.1,No,0,No,2013,8,215
5.4,17.5,2,S,35,S,S,9,13,64,46,1026.1,1024.9,12.9,16.8,Yes,0,No,2012,9,250
19.4,36.8,0,ENE,35,ENE,ESE,9,15,48,21,1014.3,1010.6,27.7,35.5,No,0,No,2012,1,12
9,25.5,0,E,26,E,E,11,7,40,22,1024.9,1019.3,17.4,25,No,0,No,2011,10,293
18.3,30.8,0,SW,35,ENE,SW,11,13,52,35,1021.4,1017.1,22.5,29.4,No,0,No,2010,3,66
22.1,36.2,0,E,33,E,SSW,15,11,39,27,1013.3,1010.3,25.5,35.5,No,0,No,2020,2,50
21.9,36,0,SSW,43,E,SSW,13,17,46,30,1011.4,1008,26.4,34.6,No,0,No,2016,1,2
18.1,32.1,0,NE,41,NNE,NW,24,15,25,46,1011.7,1011.2,26.9,25.2,No,0,No,2008,10,289
15.9,29.2,0,SW,46,ESE,SW,9,20,53,43,1015.9,1011,21.4,26.9,No,0,No,2012,2,58
20.1,27.7,0,SSW,39,S,SSW,17,19,42,55,1013.7,1012.8,24.2,26.5,No,0,No,2019,1,13
22.6,42.7,0,E,35,E,SE,15,9,32,12,1011.7,1007.3,29.6,41.8,No,0,No,2020,2,35
16.9,31.3,0,SSW,28,E,SW,9,15,60,46,1019.3,1015,22.5,28.6,No,0,No,2019,3,73
13.9,26.3,0.4,NE,41,NE,SSW,17,15,66,42,1005.2,1003.5,18.6,24.5,No,0.4,No,2016,1,19
18.8,29.3,0,SW,35,NNE,W,7,11,86,64,1012.5,1010.8,22.2,27.3,No,0,No,2013,3,78
0.7,18.3,0,N,37,NE,NNE,15,13,72,36,1028.9,1024.2,8.7,17.9,No,0,No,2008,7,189
16.3,17.7,45.4,SSW,46,NW,WSW,15,13,93,86,1010.9,1012,17.1,15.1,Yes,13.4,Yes,2013,8,220
17.6,26.2,0,SSW,44,ESE,SSW,11,22,59,44,1014.7,1012.5,19.8,25.1,No,0,No,2008,12,351
9,21.7,0.6,WSW,19,SW,SW,7,11,84,55,1026,1024.6,13,21.1,No,0,No,2015,6,158
14,20.8,0.8,SSE,35,SSE,SW,17,17,60,41,1022.9,1022.2,16.6,19.9,No,0,No,2020,4,119
16.4,31.7,0,E,41,ESE,E,17,13,50,29,1018.1,1012.9,20.6,30.4,No,0,No,2018,2,55
14.5,29.7,0,E,30,E,ESE,7,9,52,20,1028.2,1024.1,18.5,28.9,No,0,No,2009,4,94
4.8,17.9,0,NE,31,E,NE,9,15,75,53,1028.3,1023.4,10.6,17.4,No,0,No,2009,7,184
6.1,23,0,NE,37,NE,NNE,17,17,35,19,1024.1,1020.2,15.1,22,No,0,No,2019,6,156
15.6,31.5,0,SSW,35,SSE,SW,9,17,55,29,1019.5,1016.7,22.4,30.5,No,0,No,2008,12,348
12.9,17.9,4.6,SW,46,S,SSW,13,19,53,52,1025.1,1025.2,15.8,16.7,Yes,0.2,No,2011,8,236
7.3,18.8,0,NE,22,ESE,E,6,9,72,47,1023.2,1020.7,10.4,17.8,No,0,No,2011,7,198
16.8,29.4,0,SSW,43,SE,SW,13,19,50,34,1018.3,1015.7,21.3,27.8,No,0,No,2019,11,332
7.3,20.8,0,WNW,28,NNE,WNW,9,15,77,57,1018.3,1014.4,13.6,19.3,No,0.2,No,2012,9,246
18.1,37.4,0,SSW,37,SSE,WSW,13,19,28,29,1012,1008.2,24.8,35,No,0,No,2009,1,25
18.1,26.6,3.6,SW,31,E,WSW,6,9,83,64,1013.8,1013.3,20.7,24.3,Yes,0.4,No,2013,4,109
11.8,20.3,0,SW,44,S,SW,17,24,42,37,1019.3,1018,17.3,19.7,No,0,No,2009,11,330
9,19.6,0.4,SW,52,WSW,SW,17,26,64,77,1021.5,1021.8,16.7,14.4,No,0.4,No,2008,10,278
14.2,24.2,0,W,24,ENE,W,6,11,78,65,1018.3,1017.1,20.1,22.4,No,7.8,Yes,2017,5,124
13.8,19.4,30.2,SW,33,SE,S,9,11,78,52,1017.5,1017.4,15.3,18.5,Yes,0,No,2011,6,153
13.6,19.5,0,WNW,43,NNE,W,4,19,66,39,1013.8,1013.7,15.8,18.6,No,9.2,Yes,2008,11,308
9.1,19.9,0,NNW,22,NNE,NNW,13,9,86,49,1018.8,1015.9,12.2,19.7,No,0.2,No,2011,7,200
11.5,25.3,0,SW,30,NE,WSW,7,11,75,57,1024.4,1023.4,19.1,23.3,No,0,No,2019,9,255
11.4,26,0,SW,33,SE,SSW,7,17,61,45,1021.5,1019.5,18,23.8,No,0,No,2009,5,131
8.5,19.3,0,SE,31,SE,ESE,9,9,71,45,1027.9,1025.8,15.4,18,No,0,No,2017,8,235
10.5,28,0,WSW,30,ENE,W,6,15,50,68,1016.3,1015.4,20,22.3,No,0,No,2019,9,253
12.6,20.7,0,SSW,37,SSW,S,20,11,88,59,1023.3,1022,15.8,19.3,No,0.2,No,2014,8,238
14.6,20.8,0,SW,41,WSW,WSW,17,9,55,93,1015,1015.8,18.3,15.7,No,3.4,Yes,2009,10,283
12,22.6,0,SW,30,N,WSW,6,15,85,60,1017.3,1016.3,19.1,22,No,0,No,2019,9,260
20.3,35.2,0.2,SSW,28,SE,SSW,6,17,66,45,1016.2,1013.2,26.5,32.6,No,0,No,2017,3,62
3.1,21.3,0,SW,44,ENE,WNW,11,11,55,38,1016.8,1010.6,12.9,20.4,No,7.2,Yes,2009,9,247
21,38.4,0,NW,41,NE,NW,17,20,38,41,1008.4,1006.8,30.8,33.9,No,0,No,2015,2,55
19.7,30.5,0,SW,48,SE,WSW,13,17,56,45,1006.5,1003.5,21.9,28.2,No,0.4,No,2019,1,22
8.4,20.6,0,ENE,30,ENE,NNW,13,7,62,31,1023.5,1019.8,13.1,19.9,No,0,No,2015,9,246
13.8,26.5,0,SSW,35,E,SW,11,13,51,49,1022.5,1019.3,19.3,25.2,No,0,No,2019,11,311
8.2,24.9,0,NE,26,S,ESE,6,9,52,31,1031.8,1028.2,17.9,24.6,No,0,No,2018,5,137
15.5,29.6,0,SW,35,ESE,SW,11,22,48,37,1007.3,1005.3,23.4,28.7,No,0,No,2013,11,331
1.8,22.5,0,NNW,39,NNE,WNW,13,17,44,11,1029.5,1025.8,13.2,22.1,No,0,No,2008,8,231
17.3,32,0,SSW,41,SSE,WSW,6,19,47,45,1009.7,1007.6,25.2,28.1,No,0,No,2011,3,69
12.7,23.6,0,SW,48,SSE,SSW,15,24,52,42,1017.7,1016.6,18.4,22.2,No,0,No,2014,12,343
16.2,25.1,0.4,SW,39,S,SW,15,22,52,46,1019,1019.1,21,22.6,No,0,No,2019,12,342
7.3,24.3,0,NE,28,NE,NE,17,7,47,37,1023.1,1020.9,16.4,23.9,No,0,No,2018,8,231
17.4,25.3,0,SW,44,ESE,SW,9,19,70,52,1015.8,1012.2,19.3,24.8,No,0,No,2009,3,89
20.8,37.1,0,ENE,31,E,SW,6,15,25,16,1009.9,1008.7,30,35.6,No,0,No,2013,12,350
2.7,16.1,11.4,SSE,19,SE,SE,7,9,92,47,1028.4,1028.5,8.1,15.3,Yes,0,No,2012,6,173
18.7,35.3,0,S,26,NNW,W,9,11,24,36,1013.2,1011.5,30.9,32.4,No,0,No,2010,3,61
20.4,29.5,1.2,SSW,35,SE,S,13,19,75,57,1011.9,1008.9,23.6,28.3,Yes,0,No,2011,1,23
7.5,21.2,0.2,NW,65,N,NNW,17,24,69,65,1013.7,1007.5,14.9,19,No,11.8,Yes,2013,9,259
5.6,22,0,ENE,24,ENE,ESE,7,6,62,29,1033.9,1030.4,12.3,21.6,No,0,No,2012,5,145
7.9,27,0,NNE,26,NE,NE,13,11,54,23,1022,1019.4,17.6,26.6,No,0,No,2015,8,227
12.4,21.7,0.6,NW,48,N,NW,11,26,80,68,1015.9,1012.2,15.9,19.5,No,9.6,Yes,2012,8,219
19,25.8,0,SW,41,WSW,SW,15,17,63,49,1005.7,1005.7,23.5,24.6,No,0,No,2013,12,365
9.8,22.1,0,SSW,39,S,SSW,7,20,56,49,1022.8,1019.4,16.2,20.5,No,0,No,2019,10,290
13.2,34.9,0,SW,37,NE,SW,15,20,28,18,1017.3,1014.6,26.5,31.7,No,0,No,2010,11,321
8.6,16.6,6.8,S,35,SSE,SSW,13,13,65,51,1024.9,1025,12.3,14.9,Yes,0,No,2018,8,234
7.8,22.6,0,SW,26,NE,WSW,6,13,58,45,1020.7,1018.2,17.4,21.2,No,0,No,2011,10,278
6.7,18.4,0.2,WNW,28,NNE,W,11,9,81,67,1018,1014.5,12,16.6,No,8.6,Yes,2010,8,233
16,23.6,2,SSW,41,SSE,SW,15,24,58,36,1014.4,1012.8,17.8,22.7,Yes,0,No,2008,12,356
11.5,15.6,3.8,SW,46,SW,SW,17,19,57,56,1018.2,1019.1,13.1,13.9,Yes,0.2,No,2009,9,245
13,35.3,0,NE,35,NE,WSW,20,17,27,13,1014,1011.3,27.6,33.9,No,0,No,2020,1,5
14.4,33.7,0,SSW,35,E,SW,6,15,32,25,1017.3,1014.3,25.6,30.8,No,0,No,2011,3,87
4.9,19.4,0,ENE,50,E,E,7,7,75,48,1027.7,1024.2,12.5,18.8,No,0,No,2017,5,148
13.1,19.5,4.2,WSW,37,W,WSW,11,13,53,58,1017,1016.1,17.3,17.8,Yes,1.4,Yes,2017,10,300
14.5,29.4,0,SW,35,ESE,SW,9,15,51,45,1021.2,1016.8,21.1,27.5,No,0,No,2017,11,305
10.2,17.7,11.8,W,54,SW,WSW,20,15,61,55,1018,1017.3,14.6,15.8,Yes,0.6,No,2013,9,260
21.5,34.1,0,E,44,ENE,SSW,11,17,51,38,1008,1006.6,27.8,33.4,No,0,No,2011,2,50
16.2,30.8,0,W,30,ENE,W,6,11,58,48,1012,1011.1,22.2,29.5,No,0,No,2009,3,75
12.3,20.3,0,E,22,S,NE,11,9,79,51,1022.2,1020.3,15.2,20,No,0,No,2014,9,246
15.2,25.5,0,WNW,33,SE,SW,6,15,75,46,1011.1,1010,19.2,22.9,No,3.2,Yes,2011,10,295
12.9,24,0,SSW,37,SSE,SSW,11,17,57,42,1015.7,1013.3,18,22.9,No,0,No,2010,11,311
13.6,22.5,0.8,WNW,43,NW,NW,7,19,80,65,1015.1,1013.6,17.9,21.5,No,11.2,Yes,2013,8,217
19.6,35.2,0,SSW,35,S,SW,6,20,38,37,1009.6,1007.9,30.8,31.2,No,0,No,2020,1,28
16.4,24.7,0,SW,35,NNW,W,13,15,72,71,1013.9,1013,22.1,21.7,No,0,No,2014,10,275
16.1,33,0,SSW,20,ESE,WSW,7,11,59,35,1019.1,1017.1,24.3,31.7,No,0,No,2014,4,103
20.8,26.4,0,WNW,20,SSE,WNW,7,13,85,73,1014.6,1013.5,22.7,24.1,No,0,No,2013,4,106
6,23.3,0,NE,22,ENE,ENE,11,7,46,29,1023.3,1019.8,16.2,22.7,No,0,No,2019,8,239
13.3,28.8,0,SSW,39,ENE,SSW,11,19,57,47,1019.7,1016.9,21.2,25.9,No,0,No,2014,3,69
4.5,20,0,SW,24,S,SW,6,11,61,41,1023.4,1019.4,13.2,18.7,No,0,No,2018,9,245
23,29.4,3,ESE,41,SSE,SE,7,17,74,72,1004.5,1000.4,27.2,27.6,Yes,20.2,Yes,2012,2,33
14.7,23.6,0,NE,43,NE,ESE,15,9,41,54,1009.9,1005.7,20.9,22.7,No,20,Yes,2010,5,141
16.9,26.1,0,SW,41,S,SW,11,20,56,42,1009.1,1010.2,22.6,23.9,No,0,No,2014,1,1
10.8,26,0,WSW,26,ENE,WNW,4,7,51,43,1015.7,1013.6,20.5,24.3,No,0,No,2018,4,116
15.1,20.9,0,SSW,31,SE,SSW,13,11,71,63,1018.7,1017.1,17.1,20.4,No,0,No,2010,4,112
15.7,32.3,0,NE,26,E,S,11,11,56,30,1015.2,1010.8,20.8,31.5,No,0,No,2010,4,108
24.6,36.7,0,SW,33,NE,SW,17,15,54,37,1010.5,1006.4,28,35.2,No,0,No,2014,1,25
11.1,22.4,0,SW,31,SSW,SW,7,13,68,54,1019.2,1017,19.2,22.2,No,0,No,2014,10,276
18.9,26.4,0,SSW,28,W,WSW,11,17,66,53,1013.1,1012.6,23,24.3,No,0,No,2016,1,10
17.3,25.3,0,SW,35,S,SW,11,20,69,60,1018,1016.8,20.7,23,No,0,No,2015,3,90
6,22.9,0,NNE,26,ENE,NNE,9,11,73,35,1024,1019.3,14.2,22.6,No,0,No,2012,8,243
10.1,18.9,2.2,SW,39,SSW,SW,7,19,88,66,1020.8,1020.4,14.2,17.4,Yes,1.8,Yes,2014,7,196
8.4,18.1,0,SSW,28,NE,SSE,7,17,86,62,1028.1,1027,11.3,16.9,No,0,No,2015,7,206
20.6,34.5,0,SW,43,SE,SW,9,19,45,38,1021.4,1018.4,25.6,32.1,No,0,No,2013,1,27
10.7,21.7,0,NNE,26,NE,NE,7,7,82,47,1018.2,1015.4,13.8,21.1,No,0.2,No,2011,7,205
7.3,23.8,0,SW,35,SW,SW,6,15,47,42,1021.3,1019.8,18.6,21.3,No,0,No,2015,9,261
7.3,21.3,0,S,35,SSE,SSE,9,19,77,57,1026.6,1025.8,15.2,20.1,No,0,No,2012,5,143
20.1,37.7,0,NE,41,E,SW,9,11,55,34,1013.8,1010.9,28.2,37.2,No,2.4,Yes,2017,3,60
12.5,21.3,1.6,SW,24,W,WSW,6,11,90,54,1018.2,1015,15.6,19.6,Yes,5.2,Yes,2017,9,253
15.1,22.9,0,NNE,24,ESE,ENE,9,9,79,71,1013,1009.7,18.5,22.2,No,1.8,Yes,2014,5,126
9.7,14.8,24.4,SW,61,SSE,SW,7,19,90,64,1013.6,1014.2,10,13.7,Yes,12.2,Yes,2018,8,216
14.3,23.4,2.2,SW,31,WSW,SW,11,17,64,62,1015.7,1016,20.6,21,Yes,0,No,2014,10,296
19.3,35,0,SW,44,SSE,SW,13,19,54,33,1015.4,1011.7,24.1,33.9,No,0,No,2009,1,9
6.4,20.9,0,NNE,35,ENE,NNE,7,17,63,31,1019,1013,12.6,20.4,No,5.2,Yes,2015,6,152
8.3,17.5,6.2,SW,26,NE,WSW,2,7,96,65,1020.6,1020.2,11.1,16.9,Yes,0.2,No,2010,7,194
9.6,20.4,10,WSW,15,NNE,WNW,2,7,83,51,1022.8,1021.6,14.2,20.2,Yes,0,No,2010,5,148
13.1,25.8,0,SSW,41,SE,SSW,11,20,54,39,1012.9,1010.3,20.4,25,No,0,No,2011,1,25
16.8,33.4,0,ENE,37,NE,SSW,20,17,46,30,1015.8,1010.9,25.1,31.6,No,0,No,2014,12,345
12.2,18.2,17.2,WSW,50,WSW,SW,17,19,85,74,1006.3,1009.5,15.1,14.6,Yes,16,Yes,2017,5,141
3.8,17,0,NE,19,SSE,NE,6,9,89,53,1027.8,1024.5,10.6,16.5,No,0,No,2018,6,180
15.1,18.9,1,WSW,41,W,WSW,13,19,87,55,1016.1,1016.3,15.5,18.2,No,3.4,Yes,2013,8,225
7.8,19.6,0.2,SSW,33,SSE,SW,11,11,62,37,1029.9,1027.7,14.9,19,No,0,No,2012,9,256
20.6,35.2,0,ENE,35,E,S,13,13,57,27,1018.4,1015.9,24.7,34.5,No,0,No,2011,3,83
12.5,22.2,0.2,WSW,39,WSW,SW,11,20,61,50,1009,1008.9,19.4,20.9,No,1.4,Yes,2008,11,331
8.7,19,0,NE,31,ESE,E,13,11,74,44,1031,1027.6,12.7,18.5,No,0,No,2015,8,236
16.6,33.2,0,SW,43,E,SSW,13,17,48,30,1015.7,1011.1,23.3,31.3,No,0,No,2013,1,19
11.5,26.3,0,NE,33,ENE,NE,15,11,54,35,1019.4,1015.2,18.3,26,No,0,No,2012,5,133
13,21.9,10,NW,20,SW,NW,6,11,96,64,1019.9,1018.1,15.5,21.4,Yes,0.6,No,2014,5,130
12.3,25.1,0,SSW,39,WSW,SSW,6,20,56,48,1019,1016.9,19.5,22.4,No,0,No,2018,12,341
16.3,25.5,0,SW,48,SSW,SSW,11,28,61,48,1011.1,1009.7,22.7,24,No,0,No,2010,1,10
16.7,23.8,0,WSW,31,SW,WSW,9,17,78,62,1015.4,1015.3,18.9,21.4,No,0,No,2017,10,296
17.6,30.6,0,E,46,ENE,NE,13,11,55,34,1018.1,1013.8,19.6,29.9,No,1.6,Yes,2019,3,65
17,37.2,0,NE,35,NE,WSW,20,11,23,10,1015.5,1011.3,27.6,36.5,No,0,No,2013,11,314
11.3,20.3,0.6,SSE,22,N,SSE,6,13,90,72,1021.5,1020.2,15,19.5,No,0.2,No,2012,5,136
19.8,34.3,0,NNE,37,NE,NW,17,9,29,27,1016.1,1014,27,32.2,No,0,No,2020,3,85
18.2,33.2,0,SSW,31,SSW,SW,6,17,42,29,1007.9,1008.2,27.8,30.7,No,1.2,Yes,2011,1,22
9,15.8,5.6,WNW,22,ENE,WSW,7,9,96,86,1022.8,1020.6,10.7,13.2,Yes,3.2,Yes,2014,7,204
14.1,31.6,0,SE,37,E,ENE,17,13,52,28,1021.5,1016.4,16.4,29.7,No,0,No,2009,3,73
15.8,33.6,0,SW,39,SSE,WSW,7,15,29,28,1011.3,1009.5,27.7,31.7,No,0,No,2020,1,6
16.9,23.9,43.6,SSE,37,S,S,17,17,70,60,1008.5,1007.3,19.6,22.8,Yes,0,No,2011,12,347
18.6,26,0,SW,39,W,SSW,17,19,83,57,1014.3,1014.7,21.4,24.8,No,0.6,No,2016,1,12
9.8,17.5,2.2,WSW,46,NNE,W,15,17,80,82,1009.7,1007.6,13.9,15.7,Yes,26.8,Yes,2011,6,181
5,16.3,0,S,15,NE,SE,9,6,75,58,1033,1030.8,9.8,15.6,No,0,No,2009,7,208
6.8,21.8,0,WSW,20,ENE,WSW,7,9,74,41,1023.9,1020,13.8,21.1,No,0,No,2019,5,142
16.1,33.8,0,ESE,44,E,E,17,13,46,25,1016.4,1011.3,21,32.5,No,0,No,2015,2,54
14.7,29.4,0,SW,43,SSE,SE,9,11,52,15,1019.8,1016.8,20.2,29.1,No,0,No,2009,12,343
12.7,25.5,0,SE,43,E,E,19,11,48,32,1019,1014.3,16.5,24.6,No,0,No,2008,11,321
20.2,41.1,0,ENE,31,ENE,W,7,13,44,10,1011.1,1007.2,28.2,39.6,No,0,No,2012,3,71
17.5,32,0,SSW,37,E,SSW,11,19,49,38,1013.3,1009.9,23.7,30.2,No,0,No,2018,2,43
15.4,35.1,0,WSW,33,NE,WSW,11,13,32,29,1010.2,1008.3,29.6,32.7,No,0,No,2013,1,20
11.6,28.6,0,SSE,41,E,E,13,15,55,29,1020.1,1015.1,18.1,28.1,No,0,No,2012,9,260
7.8,21.9,0,ENE,17,NE,ENE,6,4,90,43,1030.8,1028.5,13.4,21.7,No,0,No,2018,6,174
16.2,24.8,0,SSW,46,S,SW,20,24,68,50,1018.5,1016.7,19.6,23.4,No,0,No,2014,3,73
23.1,36.7,0,SW,35,E,WSW,9,22,44,37,1012.1,1009.5,28.9,32.3,No,0,No,2016,1,3
8.3,19.8,4.2,NW,30,NE,NW,7,11,89,60,1016.7,1013.9,12.6,19.3,Yes,10.6,Yes,2011,7,202
16.4,29.6,0,SW,33,ESE,SW,6,15,52,39,1010,1007.6,24.8,28,No,0,No,2011,12,351
12.1,24.1,0,E,24,E,SSE,9,9,62,40,1026.3,1023.3,16.7,23.3,No,0,No,2017,5,121
19,35,0,ESE,46,E,E,17,11,56,29,1024,1018.8,23.5,34,No,0,No,2018,3,71
21,30.3,0,E,39,E,ENE,17,17,59,43,1014.1,1011.1,22.6,29.7,No,0,No,2011,2,51
15.8,32.5,0,SW,46,SE,SW,9,20,49,38,1008.9,1005.8,25.3,31.2,No,0,No,2011,2,33
4.7,20.2,0.2,NE,30,ESE,E,9,9,59,41,1024.4,1018.8,13.3,19.4,No,0,No,2012,9,267
12.7,27.6,0.2,SSW,37,E,SW,13,13,38,28,1022,1017.2,18.7,24.5,No,0,No,2020,1,4
12.2,32.3,0,ESE,46,E,E,15,15,48,20,1017.6,1012.6,19.9,31,No,0,No,2019,10,292
17,34.8,0,SSE,37,E,SE,13,15,45,20,1020.3,1015.4,23.4,33.1,No,0,No,2020,2,33
15.1,20,1.4,SSW,31,WSW,SW,15,15,48,50,1020.7,1019.7,17.4,19.5,Yes,0,No,2018,10,295
12.4,19.5,9,NW,50,WNW,SW,15,26,55,67,1011.2,1010.4,17,15.6,Yes,8.4,Yes,2008,11,310
9.5,23.1,0,SSE,44,ENE,E,17,13,52,28,1030,1025.9,15.2,22.5,No,0,No,2015,9,264
17.3,22.9,0.6,SW,37,S,SW,15,13,65,59,1013.6,1013.5,18.5,21.2,No,0,No,2015,11,311
11.9,23.2,0,E,33,ENE,ENE,11,13,55,31,1027.1,1022.7,16,22.1,No,0,No,2015,4,115
14.1,30.7,0,E,41,ENE,E,15,9,48,17,1022.3,1017.3,19.5,30.2,No,0,No,2019,3,89
7.3,17.2,10.8,S,43,SSW,SW,22,17,67,53,1015.5,1016,13.9,16.5,Yes,0,No,2018,8,242
12,20.5,11.4,SW,28,NE,W,7,11,97,68,1019.8,1017.8,13.9,18.4,Yes,3.8,Yes,2013,7,212
13,19.1,16.8,SW,44,W,WSW,15,15,70,56,1015.7,1016.8,15.9,18.4,Yes,0,No,2013,9,255
18.7,31.5,0,SW,39,SSE,SW,7,15,49,47,1008,1007.7,26.8,28.9,No,0,No,2010,2,46
3.1,17.1,0,S,30,SSE,SE,7,11,90,46,1031.1,1029,9.7,16.8,No,0,No,2010,6,180
14.3,24.8,0.2,NW,35,SSW,NW,6,17,73,63,1022,1021.6,21.3,23,No,0,No,2015,10,276
18.1,31.9,0,SE,31,SE,SSE,9,11,68,43,1012.8,1009.3,22.4,30.4,No,0,No,2017,3,68
10,22.5,0,SE,35,SE,SE,15,17,62,42,1025.7,1023.1,15,21.1,No,0,No,2008,10,305
13.2,19.6,1,S,28,S,SW,17,11,60,42,1023.5,1022.1,15.7,19.4,No,0,No,2009,10,276
7.7,20.3,0,E,19,ENE,WSW,7,7,72,60,1019.8,1017.7,12.9,19.9,No,0,No,2010,6,172
17.2,32.5,0,WSW,31,ESE,WSW,7,15,42,40,1009.5,1007.4,26.8,28.7,No,0,No,2019,1,1
5.8,21.8,0,W,28,SE,WSW,6,17,52,46,1015.4,1011,16.8,19.5,No,0.2,No,2017,10,282
3,21.1,0,NNW,33,NE,NW,9,11,80,65,1019.2,1017,9,19.2,No,8.4,Yes,2014,7,185
20.3,28.9,0,ESE,44,ESE,ESE,15,20,57,45,1014.7,1014.2,23.9,27.3,No,0,No,2020,3,61
15.2,27.4,0,SW,44,S,SSW,9,24,45,45,1016.1,1013.3,22.7,25.4,No,0,No,2010,11,329
13,17.5,3,SW,28,SSE,SW,7,13,97,72,1020,1019.4,13.7,15.8,Yes,4.8,Yes,2018,7,208
15.9,31.4,0,SE,37,E,SSE,15,15,43,18,1016.9,1012.9,20.4,30.2,No,0,No,2010,1,31
16,30.1,0,ESE,46,E,ESE,20,24,37,20,1019.2,1015.1,20,29,No,0,No,2011,2,37
9.9,17.5,17.2,W,50,W,W,15,19,82,59,1010.6,1010,11.7,17.2,Yes,19.8,Yes,2019,6,160
16.2,34.7,0,SW,35,E,SW,9,19,43,28,1013.2,1009,24.9,34.3,No,0,No,2015,1,4
4.7,17.8,7,N,22,SSW,N,7,7,95,55,1019,1016.3,9.1,16.8,Yes,0,No,2018,6,159
19.2,29.3,0,SW,44,SSW,SW,13,24,67,53,1013.8,1010.7,23.4,26.4,No,0,No,2018,2,37
5.7,19.6,0,WSW,26,SW,SW,7,11,76,57,1027.9,1025.6,13.3,18.1,No,0,No,2013,8,232
5.5,16.3,3,SSE,30,SE,SW,9,11,67,47,1025.2,1025.1,10.9,15.6,Yes,0.2,No,2017,9,245
10.4,21.2,8,NW,48,NNW,NW,9,19,69,60,1018.6,1016.2,17,20.6,Yes,19.4,Yes,2015,9,254
10.1,24.7,0.6,SSW,35,E,SW,6,20,58,53,1023.2,1019.3,20,23.1,No,0,No,2014,10,300
6.4,24.2,0,NE,35,ENE,NE,11,9,37,23,1021.2,1018.5,16.6,23.3,No,0,No,2017,6,163
7.7,16.8,0.2,WSW,26,NNE,W,6,7,71,67,1029.2,1026.5,12.3,15.3,No,0,No,2009,8,242
8.2,16.4,14.4,SW,31,SE,SW,6,15,90,67,1020,1020.4,12,15.5,Yes,1,No,2019,8,218
8.6,21.7,0,SW,39,ESE,SSW,9,20,47,46,1022.1,1019.5,16.1,20,No,0,No,2009,11,331
9.7,20,0,SW,22,NE,S,7,7,76,56,1021.7,1020.7,13.5,19.2,No,0,No,2013,6,178
16.3,24,1,SW,31,SSE,SW,15,13,72,37,1018.7,1017,17.2,23.5,No,0,No,2014,4,91
17,33.3,0,SSW,33,ESE,SSE,9,11,36,23,1019.6,1016,24.8,32.6,No,0,No,2018,12,354
16.8,30.6,0,SW,30,E,SW,6,11,50,52,1015.2,1013.1,25.7,27.9,No,0,No,2018,2,36
19.8,30.3,0,SW,41,SE,SW,4,19,52,51,1015.2,1012.7,24.5,26.5,No,0,No,2015,2,51
15.3,38.5,0,SSW,31,NE,SSW,11,13,19,12,1014.7,1012.4,31,38.1,No,0,No,2015,12,361
14.1,19.8,5.8,S,54,SW,SW,28,24,40,43,1012.1,1013.7,17.7,18.4,Yes,0.4,No,2010,10,301
14.6,31,0,SSW,33,E,NE,9,7,56,31,1020.4,1014.8,20.6,30.4,No,0,No,2015,3,79
21,32,0,ESE,35,ESE,ESE,13,11,61,46,1013,1010,25.1,31,No,1,No,2020,2,55
16.2,30.6,0,ESE,41,E,ESE,19,19,45,21,1016.5,1011.9,22,30.1,No,0,No,2015,1,10
12.4,25.8,0,SE,46,ESE,ESE,19,19,51,25,1021.6,1017.1,17,24.7,No,0,No,2008,11,320
18.2,40.4,0,SSW,33,ENE,SSW,9,19,36,21,1016.1,1012.1,28.6,37.7,No,0,No,2019,1,19
19.6,25.6,1.6,SW,24,ESE,WSW,6,13,87,66,1012.1,1010.9,22.3,24.8,Yes,0.4,No,2019,3,66
20.9,35.5,0,SW,31,ENE,SW,4,19,44,37,1011.1,1009.1,30.2,32,No,0,No,2009,12,354
8.7,21.7,0.8,SW,28,NNE,W,7,13,63,48,1024.9,1022,17.6,20.1,No,0,No,2013,10,283
12.5,21.4,1,WNW,22,NNE,W,7,9,90,55,1022.5,1020.3,15.6,20.9,No,0,No,2017,5,144
19.8,29.8,0,SSW,39,SE,SW,9,17,57,45,1014.1,1011.8,23,29.1,No,0,No,2010,3,62
12,30.7,0,ENE,33,ENE,WSW,13,9,42,23,1018.2,1013.6,22,29.8,No,0,No,2014,11,305
22.2,36.4,0,ESE,39,E,SE,17,17,33,16,1012,1008.6,28.3,36.1,No,0,No,2011,1,10
14.5,35.4,0,NE,31,NE,W,13,11,44,22,1023.2,1019.8,24.9,33.9,No,0,No,2012,4,101
10.5,18.1,16.6,WNW,52,WSW,SW,13,22,71,91,1007.1,1010.3,14.8,15.1,Yes,10,Yes,2010,5,147
12.7,21.1,0,W,24,E,W,6,7,65,64,1016.5,1015.8,16.1,20.1,No,0,No,2014,9,245
16.3,39.1,0,SW,37,ENE,SW,15,15,35,19,1011.6,1008.3,29,37.9,No,0,No,2014,1,6
14.2,26.3,0,NNE,44,SW,W,7,13,65,50,1011.9,1010,20.3,25.1,No,0,No,2008,11,315
14.3,18.5,9.4,WSW,43,WSW,WSW,9,20,86,63,1014,1015.4,16.4,18,Yes,3.4,Yes,2013,8,238
15.4,21.9,10.8,WSW,41,W,WSW,17,15,74,75,1006.3,1007.9,18.6,19,Yes,0,No,2012,9,262
2.8,17.8,0,SSW,35,S,SSW,9,19,46,68,1019,1017.3,14.6,15.1,No,0.2,No,2018,9,259
12.6,37.8,0,E,30,SE,E,11,9,42,15,1016.4,1010,24.9,37.1,No,2,Yes,2014,11,313
19.9,30.4,0,E,48,E,ESE,15,15,56,37,1021.6,1019.3,23.1,29.7,No,0,No,2019,3,64
18.3,24.5,0,NNW,26,NNW,W,9,13,74,68,1011.9,1011.5,22.9,22.3,No,0,No,2018,11,321
18.5,31.7,0,E,30,ENE,SSW,13,15,54,42,1011.3,1008.1,24.1,29.9,No,0,No,2011,12,345
10,30.1,0,SSW,24,E,E,9,6,51,20,1022.7,1018.4,19.3,30,No,0,No,2017,4,100
11.9,23.3,0,SE,35,E,ESE,11,9,62,36,1021.4,1019.3,17.5,22.5,No,0,No,2018,10,275
11.4,27,0,ESE,43,ENE,E,15,17,48,24,1021.9,1017.8,18.6,26.3,No,0,No,2013,10,296
12.2,19.8,19.2,W,31,W,W,9,19,56,67,1021.7,1021.2,16.7,16.9,Yes,3.8,Yes,2013,7,205
18.9,30.9,0,SW,35,SSW,WSW,9,17,66,52,1015.8,1014.8,25.4,27.8,No,0,No,2015,2,36
6.7,22,0,NE,24,E,ENE,7,9,67,45,1025.6,1021.3,14.1,21.8,No,0,No,2013,5,144
11.3,22.8,0,SW,30,SSE,WSW,11,13,59,41,1021.8,1020.3,18.1,20.9,No,0,No,2019,9,269
17.1,34,0,E,35,E,SW,13,15,49,33,1015.8,1012.2,22.5,33.1,No,0,No,2015,2,47
15.5,20.6,0,SW,41,SW,SW,11,20,71,54,1017.2,1018.8,18.3,19,No,0.2,No,2012,9,255
5.1,24.9,0,SSW,22,NE,ESE,9,7,53,24,1022.1,1018.1,14.7,24.3,No,0,No,2009,5,136
13.7,33.6,0,NNE,33,ENE,SSE,15,13,24,13,1018,1012.9,25.1,32.9,No,0,No,2012,10,301
18.1,33.5,0,SSW,39,E,SSW,13,17,60,43,1016.4,1012.5,22.8,30.8,No,0,No,2013,3,67
19,37.5,0,N,35,ESE,E,11,7,36,22,1013.2,1008.7,26.1,36.4,No,0,No,2012,1,18
20,36.2,0.2,W,41,NE,SSW,9,9,45,44,1012.5,1011.8,27.9,28.7,No,0.4,No,2013,4,101
8.8,29.3,0,NW,41,NNE,NW,6,22,35,27,1018.1,1014.5,21,27.3,No,0,No,2012,9,253
9.8,30.9,0,SSW,33,ENE,SSW,13,17,29,26,1020.7,1017,22.7,29,No,0,No,2014,10,287
16.1,28.1,0,SSW,44,SSE,SSW,11,20,41,43,1015.2,1013.4,24.5,24.8,No,0,No,2019,11,328
9.7,25.5,0,NNW,35,NE,NW,9,17,40,57,1018.4,1015.3,18,22.9,No,7.6,Yes,2012,5,152
11.5,19.4,15,SW,76,N,WSW,9,22,98,72,1011.1,1006.3,14.1,15.7,Yes,12.6,Yes,2013,7,197
14.9,25,0,WNW,37,W,W,9,17,61,42,1011,1010.5,20.8,23.8,No,2.8,Yes,2009,3,79
12.7,26.2,0,SW,33,SE,WSW,11,15,60,50,1020.6,1018.2,18.1,24.1,No,0,No,2019,11,326
13,23,0,WNW,30,NW,W,11,15,62,55,1015.8,1012.9,20,21.8,No,0,No,2013,10,291
16.1,21.1,0,WNW,65,NW,WNW,19,24,50,45,1010.2,1011.5,20.5,19.7,No,0.6,No,2009,10,301
15.3,25.3,0,ESE,37,E,E,15,11,63,35,1029.2,1026.4,17.8,25.1,No,0,No,2011,5,130
13.5,17.9,4.2,WSW,46,N,WSW,15,15,88,76,1015.1,1016.3,16.4,16.4,Yes,14,Yes,2014,7,207
15.7,30.9,0,E,41,E,SE,17,11,49,22,1019.4,1014.8,20.4,29.8,No,0,No,2019,2,35
14.2,21,3.4,W,46,N,W,11,13,82,54,1008,1005.8,18,19.8,Yes,13.4,Yes,2018,10,286
7.4,21.9,0,SSW,35,E,SSW,15,19,50,40,1031.4,1027.6,15.8,20.4,No,0,No,2008,10,281
21.4,32.3,0,SSW,44,SSE,SW,9,22,48,41,1009.5,1006.4,25.5,30.1,No,0,No,2009,12,355
6,20,0,SW,24,NE,SSW,7,7,89,49,1026.4,1024.4,12.7,19.8,No,0,No,2009,6,157
5.2,21,0,WSW,19,E,SW,4,4,92,43,1022.5,1017.9,10.9,20.4,No,0,No,2009,8,216
10,23.5,7.6,SW,33,NNE,SW,6,15,74,45,1016.5,1015.8,15.8,21.7,Yes,0,No,2009,2,57
15.8,30.8,0,SSW,33,ENE,WSW,13,17,56,45,1013.8,1010.4,22.7,27,No,0,No,2013,12,359
11.9,31.5,0,E,33,ENE,E,15,11,40,16,1019.8,1015,20.4,30.7,No,0,No,2009,11,332
14.7,22.7,0,SW,43,SSW,SW,13,22,50,51,1010.5,1010.5,19.5,21.3,No,0,No,2008,12,343
14,28.7,0,SW,37,S,SW,9,19,62,49,1017.9,1014.9,19.6,26.1,No,0,No,2018,10,299
9.2,15,7.4,W,56,WSW,WSW,28,26,59,43,1009.4,1012.5,12,14.7,Yes,3.4,Yes,2009,8,227
16,33.5,0,SW,39,ESE,SW,9,15,51,43,1019.1,1017.1,25.2,29.8,No,0,No,2015,11,316
6.4,26.4,0,WSW,24,N,W,7,11,56,29,1018.2,1014.9,16.1,23.5,No,0,No,2013,8,236
19.1,32,0,SW,39,S,SW,7,19,46,43,1012,1010.1,26.1,29.3,No,0,No,2017,12,365
15.2,20.9,0.4,WNW,52,W,NW,11,19,60,87,1011.4,1007.9,17,15.9,No,6,Yes,2008,9,256
11.7,20.8,0,NNE,35,NE,NNE,17,7,46,41,1023.3,1021,14.4,20,No,0.8,No,2015,7,198
9.1,30,0,NE,35,NE,WSW,13,9,31,31,1018,1015.1,20.5,27.2,No,0,No,2019,8,240
16.4,30.2,0,NE,48,NE,ENE,22,13,23,16,1020.4,1015.7,22.6,28.4,No,0,No,2012,10,285
23.8,41.5,0,SSW,33,E,ENE,11,11,34,17,1012.3,1008.6,30.5,40.8,No,0,No,2010,2,56
14.3,24.6,0,SSW,31,SSE,SSW,6,17,64,50,1015.5,1012.4,19.9,23,No,0.6,No,2014,10,290
22.6,39.9,0,SW,33,ESE,WSW,9,13,35,21,1012.4,1009.4,30,38.7,No,0,No,2020,1,27
11.1,19.2,0.6,NE,24,NNE,NE,6,13,82,66,1018.8,1014.7,15.4,18.5,No,4.4,Yes,2012,6,161
10.2,24,0,SW,33,S,SW,11,15,55,51,1020.9,1018.8,18.7,22.3,No,0,No,2015,12,342
14.7,19.7,1.2,WNW,50,NNE,WNW,11,11,88,83,1011.6,1012.8,17.4,14.3,Yes,17.6,Yes,2014,7,187
12.1,18.3,1,NNE,19,NNE,NW,9,9,90,78,1015.3,1013.2,13.4,17.7,No,6.4,Yes,2015,8,219
13.8,18.9,0.2,SW,46,WSW,SW,20,24,57,63,1021.6,1021.5,17.1,15.7,No,0,No,2009,9,267
8.6,27.4,0,NNE,50,NNE,NW,11,6,40,31,1010.9,1003.1,17.9,26.3,No,29.2,Yes,2018,5,144
11,19.6,0,SSW,37,SSE,SW,15,22,54,42,1021.8,1020.5,15.2,18.5,No,0,No,2018,11,310
11.7,16.6,5.4,SW,46,WSW,WSW,20,20,52,47,1018.5,1018.9,14.9,16,Yes,1,No,2017,8,228
13.9,21.8,1.8,SSW,41,SSW,WSW,9,20,72,50,1007.9,1008,17.2,20.8,Yes,4,Yes,2008,11,329
4.6,20.3,0,NE,22,NE,E,9,4,71,46,1028.6,1024.4,13.5,19.6,No,0,No,2018,8,236
6.1,23.1,0,SSW,17,ENE,ENE,2,6,82,45,1025.1,1020.9,12.7,22.4,No,0,No,2015,8,226
13.9,20.3,3.8,WNW,35,NW,WNW,9,15,76,57,1016.8,1016.5,16.3,19.4,Yes,3.4,Yes,2014,9,271
18.7,28.5,0,E,33,ESE,SE,13,9,66,47,1014.5,1010.8,21.4,27.8,No,0,No,2010,3,85
8.5,23,0,S,30,E,E,13,11,58,25,1023.7,1020.2,15.8,22.4,No,0,No,2012,10,279
15.1,32.5,0.2,ENE,48,ENE,SE,26,13,45,27,1018.6,1014.7,21.2,31.4,No,0.2,No,2009,10,298
14.1,25.6,0,WSW,26,SSE,SW,4,15,75,52,1018.4,1017.5,18.5,23.5,No,0,No,2017,4,109
14.5,25.3,0,SW,39,SE,SW,15,20,55,47,1020.7,1017.9,18.9,23.4,No,0,No,2010,3,87
14.4,29.3,0,SSW,43,SSE,SSW,13,22,58,47,1014.2,1010.8,21,25.9,No,0,No,2013,11,317
23.4,31.5,0,WSW,28,N,W,6,13,47,42,1010.9,1010.2,28,29.3,No,0,No,2016,1,4
8.7,27.7,0,NE,22,NE,S,9,7,52,27,1026.3,1023.3,17.6,26.4,No,0,No,2009,5,123
11.5,23.6,0,ESE,24,E,SE,9,11,75,50,1023.8,1019.2,17.8,22.9,No,0,No,2013,5,124
15.1,16.8,8.8,S,43,SSW,SSW,13,19,86,67,1013.4,1015.8,16.1,15.7,Yes,0,No,2014,6,161
16,25.2,0.6,ESE,37,ESE,SE,13,17,64,48,1011,1009.6,21.2,23.5,No,12,Yes,2014,10,291
20,28,0,SSW,50,SSW,WSW,9,15,69,54,1009,1008.2,25.1,26.3,No,0,No,2020,2,39
18.4,28.5,0,SSW,43,SSW,SSW,13,24,58,53,1008.4,1006.7,23.6,25.5,No,0,No,2014,2,32
11.7,19,14,WNW,33,W,W,9,17,80,66,1021.6,1020.5,16,18.2,Yes,0.8,No,2014,7,208
10.6,18.8,2.2,SSW,35,S,SSW,13,15,75,42,1021.9,1021.4,13.7,17.9,Yes,0,No,2013,10,285
15.4,22.9,1,SW,37,NNE,WNW,7,15,97,63,1014.2,1011.4,17.2,21.4,No,8.2,Yes,2017,5,139
11.2,23.8,0.6,WNW,24,NNE,W,9,11,86,44,1020.7,1017.4,16.8,23,No,0.2,No,2014,5,131
19.3,29.9,0,SSW,39,SSE,SSW,9,22,59,52,1007.5,1005,24.2,26.9,No,0,No,2018,1,25
8.8,23.3,0,SW,33,ESE,SSW,9,17,66,53,1021.9,1018.2,18.1,22.4,No,0,No,2012,10,290
8.7,18.5,0.2,SW,35,SSW,SW,7,20,64,57,1025,1023.6,14.9,17,No,0,No,2009,10,285
11.9,20.2,3,SW,39,WSW,WSW,20,13,59,70,1020.7,1021.4,16.4,17.4,Yes,1,No,2011,9,262
5.7,24.3,0,NE,22,SE,ESE,6,7,56,29,1029,1025.5,15.2,23.5,No,0,No,2018,5,139
17.5,31.5,0,ESE,35,E,ESE,13,11,54,27,1020.6,1017.4,21.8,31.1,No,0,No,2010,3,67
8.2,23.6,0,WSW,31,E,SW,4,13,58,49,1023.1,1021.8,17.1,23.3,No,0,No,2013,3,86
12.5,24.3,0,SSW,39,E,WSW,15,20,45,48,1017.7,1014.8,18.3,22.4,No,0,No,2009,10,294
13.1,28.1,0,E,33,ENE,E,17,11,51,24,1021.5,1017.3,17.9,27.3,No,0,No,2019,3,84
12.9,24.2,4.2,SW,44,SSE,SW,17,22,68,50,1015,1013.5,16.7,23.1,Yes,0,No,2008,12,346
9.4,20.2,13.8,NW,43,NW,NW,11,20,59,55,1016.8,1015.4,17.8,19.2,Yes,3.6,Yes,2019,9,245
2.6,15.6,0,ESE,20,S,ESE,4,9,78,47,1031.2,1027.3,8.6,14.9,No,0,No,2014,6,179
7.8,22.5,0,NW,26,W,NNW,7,11,98,59,1019.3,1015.9,13.5,21.6,No,0.2,No,2017,6,171
18.9,27.3,0,W,39,W,WSW,17,22,58,61,1012.9,1011.2,23.6,23.8,No,0,No,2013,1,3
6.7,23.2,0,NE,28,ENE,ENE,11,15,54,30,1018.4,1015.5,14.4,23,No,0,No,2009,5,146
13.4,20.5,0.8,WSW,46,WSW,WSW,19,20,71,62,1014.1,1012.5,17.3,18.9,No,0.4,No,2008,9,255
18.9,37.1,0,SSW,31,SSE,SSW,4,15,40,22,1011.4,1009.5,30.3,36.6,No,0,No,2013,12,349
2.8,17.6,0,NE,20,E,SSW,7,6,85,52,1030,1026,9.4,16.7,No,0,No,2014,6,175
20.7,29.6,0,SW,44,S,SSW,17,24,58,47,1012.3,1010.7,21.7,27.9,No,0,No,2009,2,53
12.6,22.3,2.2,WSW,35,SW,SW,13,17,52,39,1023.2,1022.5,19.2,21.2,Yes,0,No,2015,11,323
22.2,39.4,0,NE,35,NE,W,20,19,28,25,1012.1,1008.6,32.3,34.4,No,0.2,No,2015,11,318
16.4,29.2,0,W,31,SE,WNW,6,13,34,56,1011.2,1010.5,24.8,25.1,No,0.2,No,2010,11,324
9.5,22.9,0,SW,31,S,SW,2,17,67,64,1019.7,1017.6,17.9,21.5,No,0,No,2017,3,87
15.7,30.9,0,NE,31,NNE,NE,15,15,43,23,1012.9,1009.6,23.9,30,No,0,No,2014,4,99
5.3,19.7,0.2,NE,20,NE,NW,9,7,93,49,1025.4,1022.3,9,19.3,No,0.2,No,2010,7,195
12,19.1,0,NNE,37,NNE,SW,17,7,52,99,1007.3,1007.5,18.8,13.3,No,44.2,Yes,2019,7,185
19.4,33.4,0,SE,39,E,SE,15,17,54,29,1012.7,1008.6,24.2,32.7,No,0,No,2011,3,75
19.6,39.3,0,NE,46,NE,WSW,22,17,20,17,1009.6,1008.1,33.3,34.6,No,0,No,2014,12,364
4.2,22.7,0,NNW,31,NNE,WNW,15,13,46,33,1018.6,1014.8,12.2,21.4,No,11,Yes,2010,7,206
2.6,17.4,0,WSW,19,ESE,SSE,2,9,96,51,1029.8,1026.7,8.4,17,No,0,No,2009,7,183
16.6,24.1,2.2,WSW,35,WNW,W,13,15,66,55,1008,1009.4,20.5,22.5,Yes,0.2,No,2017,11,322
15.6,31.6,0,SSW,35,E,SW,15,11,48,29,1015.9,1011.5,20.2,30.7,No,0,No,2008,12,353
15.6,33.3,0,ENE,48,ESE,ENE,11,15,34,14,1010.7,1004.2,23.3,32.2,No,0,No,2012,3,77
16.6,26.6,0.4,NW,31,NE,NW,9,15,55,74,1013.7,1012.9,20.5,24.3,No,0,No,2015,4,120
0.3,17,0,ESE,15,E,S,4,7,84,45,1027.7,1024.6,7.6,16.2,No,0,No,2010,7,186
18.7,30.5,0,SSW,39,S,SW,6,17,49,44,1006.7,1005.2,25.3,27.6,No,0,No,2011,1,19
11,22.2,0.2,SW,28,SE,SW,2,15,82,45,1019.8,1017.4,16.1,21,No,0,No,2012,4,113
10.7,22.1,0.2,SSW,28,SW,W,7,13,64,58,1021.1,1018.2,18.1,20.2,No,0,No,2013,10,290
19.2,36.4,0,NE,43,NE,N,20,19,30,15,1012.4,1008.1,27.7,35.4,No,0,No,2011,12,337
5.3,19.9,0,NE,33,NE,NNE,13,13,68,42,1029.4,1025.5,12.7,19.5,No,0,No,2018,6,176
1.3,21.9,0,ENE,20,NE,ENE,6,7,59,34,1032.4,1028.8,12.3,21.1,No,0,No,2012,5,146
17.9,21.3,1.8,NNW,35,NNE,N,11,11,92,82,1008.4,1005.1,18.9,21.1,Yes,47.2,Yes,2014,5,127
15.6,25.3,0.8,SSW,30,S,SW,7,13,72,51,1016.8,1016.4,19.9,23.9,No,0,No,2015,3,78
13.3,19.5,6.6,SW,37,SW,SW,17,19,51,45,1019.8,1021.1,17.2,17.2,Yes,0.2,No,2017,10,291
8.2,25.1,0,WSW,28,ENE,SW,9,15,65,49,1022.6,1019.2,18.5,23.7,No,0,No,2014,10,294
12.7,20.8,0.4,NNE,19,N,W,9,7,83,54,1023.8,1022.1,15.1,19.2,No,0,No,2019,5,141
19.9,34.6,0,SW,46,ESE,SSW,11,22,59,39,1014.1,1010.1,24,31.8,No,0,No,2009,1,6
3.3,23.1,0,NNW,30,NE,SW,11,9,53,21,1028.1,1025.1,11.9,22.2,No,0,No,2008,8,228
14.1,27.9,0,SW,41,E,SSW,15,28,46,47,1022.3,1019,20.9,23.7,No,0,No,2009,12,337
3.4,21.4,0,NE,31,NE,NE,19,9,44,28,1026.6,1021.8,13.3,21,No,0,No,2008,8,236
12.8,25.3,0,E,46,NE,WSW,7,17,61,60,1013.7,1013.3,20.5,21.3,No,0,No,2011,10,284
14.6,24.1,0,SW,37,SSE,SW,9,20,55,53,1015.4,1015,20.9,21.9,No,0,No,2014,11,323
20.5,23.8,2.2,W,30,N,W,9,9,74,85,1006,1005.2,23.8,20.2,Yes,7.2,Yes,2011,11,307
13.7,27.8,0,SW,22,NE,W,6,9,68,50,1013.7,1012.7,21.3,27.4,No,0,No,2019,4,100
19.5,23.8,4.6,SW,44,NNW,SW,7,20,93,51,1007.2,1009.5,21.1,22.6,Yes,0.8,No,2015,3,77
29.7,41,0,NW,37,N,WSW,17,17,13,33,1007.4,1008,39,33.1,No,0,No,2014,1,12
12.3,24.6,0,SE,35,SE,ESE,15,13,47,28,1030.1,1023.9,16.6,23.7,No,0,No,2015,3,82
21.3,32.2,0,SW,43,S,SW,7,19,54,51,1009.1,1008.2,27.2,29.5,No,0,No,2018,1,21
17.2,27.6,2.8,WSW,28,E,WSW,9,13,69,52,1014.8,1013.7,22.3,25.6,Yes,0,No,2015,10,301
11.4,31.1,0,ENE,37,E,ENE,17,9,38,17,1022.7,1018.3,20,30.2,No,0,No,2009,11,307
5.3,16.7,1.8,SSE,24,ESE,SE,7,7,67,40,1028.3,1024.3,10,15.9,Yes,0,No,2019,5,137
11.4,17.7,11.2,SSW,41,S,SW,19,19,63,52,1017.2,1017.1,14,16.6,Yes,0.2,No,2013,9,258
10,19.3,0,ENE,33,ENE,ENE,13,11,57,45,1020.7,1016.6,13.1,19,No,0,No,2013,6,163
19.2,26.6,0,WSW,24,SW,W,7,13,66,48,1015.1,1014.1,21.1,25.3,No,0,No,2019,2,53
11.8,20.8,0,N,39,NNE,NW,15,13,47,50,1017.5,1012.9,14.8,20.5,No,9,Yes,2012,6,178
13.7,26.1,0,SW,33,ESE,WSW,9,17,56,51,1015.1,1013.1,19.4,23.5,No,0,No,2017,11,307
10.7,14.9,12,WSW,61,WSW,WSW,15,17,59,60,1010.4,1013.7,14.2,11.2,Yes,5.4,Yes,2012,9,271
15.5,23.7,0,NW,37,N,NW,11,15,85,65,1020.4,1018.6,19.7,21.2,No,1.2,Yes,2015,10,277
7.9,21.8,0,SSE,28,E,SE,15,11,53,33,1027.5,1023.3,14.3,21.4,No,0,No,2010,5,124
18.5,36.4,0,W,24,S,W,7,13,57,39,1014.7,1012.5,25.5,30.8,No,0.2,No,2013,4,100
10.3,22.7,0,SW,20,NE,SSW,6,7,96,62,1027.8,1025.5,13.6,22.1,No,0,No,2017,6,154
6.2,20.3,1.2,N,26,E,NNE,9,9,55,34,1023,1019.1,14.1,19.8,Yes,0,No,2008,9,259
5.2,22.9,0,NNE,30,NE,N,11,11,56,39,1018.3,1015,12.7,22.3,No,0,No,2013,6,173
15.9,23.9,0,NW,33,NW,WNW,11,17,66,60,1015.6,1016.1,21.7,22.4,No,0,No,2019,10,293
12.8,29,0,SW,22,SSE,SSW,2,11,73,42,1019.3,1015.4,18.1,27.6,No,0,No,2017,4,104
9.1,23.3,0,W,22,N,W,9,9,58,64,1021.7,1020.2,16.2,21.8,No,5.6,Yes,2015,8,228
14,28.1,0,SSW,39,SSE,SW,13,19,47,40,1017.6,1015.8,20.7,27.1,No,0,No,2010,1,1
13.4,20.1,5.4,SW,48,WSW,W,11,17,58,59,1018.4,1018,17.7,19.1,Yes,7.2,Yes,2013,5,130
7.9,20.6,0,NE,22,NNE,NE,9,6,67,45,1019.5,1016,12,20.2,No,0,No,2010,5,136
16.2,33,0,SW,33,E,SW,11,19,46,46,1010.3,1006.1,23.5,27.9,No,0,No,2017,11,330
17.7,31.7,0,SE,31,ESE,NE,15,7,64,35,1018.3,1013.7,21.5,30.7,No,0,No,2013,4,97
6.3,23.3,0,SSW,39,E,SSW,9,20,50,41,1023.9,1019.9,16.4,20.9,No,0,No,2010,10,285
12.7,19.3,24.6,WSW,59,W,WSW,19,17,84,86,1007.1,1010.3,17,16.3,Yes,4.2,Yes,2018,5,146
17.4,23.6,13.4,WSW,50,W,W,7,17,82,64,1006.4,1007.3,20.9,21.9,Yes,9.6,Yes,2014,4,117
6.7,19.2,0,S,28,SSW,S,6,13,85,52,1023.4,1022.2,11.3,18,No,0,No,2013,6,170
18.1,32.6,0,ENE,39,ENE,SE,13,11,51,25,1021.4,1018.5,22.6,31.9,No,0,No,2010,3,68
5.6,18.6,0,ENE,22,SSE,SW,9,11,84,66,1030.9,1029.5,11.2,17.2,No,0,No,2014,6,163
6.9,18,0,NW,22,NNE,WNW,9,6,73,85,1024.2,1022.7,11.3,15.6,No,0.8,No,2010,6,168
11,26.9,0,SSW,31,E,WSW,9,17,67,47,1024.1,1020,18.6,24.2,No,0,No,2010,9,268
6.5,21.5,0,NE,20,ENE,NNE,4,9,85,46,1031.4,1028.1,12.8,21.3,No,0,No,2018,6,175
10.3,22.8,0,SSW,30,ESE,SW,9,15,76,61,1024.2,1020.7,16,21.3,No,0,No,2014,9,258
18.3,33.5,0,WSW,28,ESE,WSW,7,15,61,39,1017,1012.3,23.2,30.4,No,0,No,2014,3,87
3.8,19.8,0,NE,31,ESE,NE,6,11,78,47,1032.9,1029.8,11.5,19.4,No,0,No,2014,8,215
10.7,23.3,0,E,30,E,ESE,9,11,55,29,1024.8,1021.4,15.3,23.1,No,0,No,2019,5,148
7.2,18,0,NNE,20,SE,WSW,9,6,75,44,1027.6,1023.5,11.1,17.5,No,0,No,2017,7,190
10.8,17.3,3.6,SW,30,NNE,SSE,9,2,89,81,1021.3,1020,14.1,16.6,Yes,5,Yes,2012,7,198
17.2,33.3,0,ESE,35,ESE,SE,17,13,48,18,1016.5,1012.9,22.8,32.4,No,0,No,2015,1,25
8.9,13.9,2.4,SW,37,NNE,WSW,11,15,84,64,1008.5,1007.7,10.3,13,Yes,5.6,Yes,2009,9,272
5.5,17.2,0,SSE,22,S,SE,6,11,86,62,1031.7,1028.6,11.9,16.7,No,0,No,2015,8,224
13.4,30.1,0,SSW,31,SE,W,4,15,53,34,1009.4,1005.7,21.9,28.4,No,0,No,2009,4,111
14.9,27.3,0,SW,41,SSE,SSW,13,22,44,45,1018.5,1015.9,21.8,24.4,No,0,No,2014,1,4
19.9,36.7,0,ENE,56,E,E,22,17,48,26,1011,1007.7,25.6,35.7,No,0,No,2010,12,360
12.9,24.9,0,SE,33,E,E,9,15,53,28,1025.1,1021.6,16.9,24.3,No,0,No,2017,3,88
15.9,31.7,0,SW,41,SSE,SSW,7,20,46,45,1011.1,1009.1,26,28.2,No,0,No,2010,12,364
12.9,21.5,3.6,N,19,N,W,6,7,84,54,1026,1023.8,14,20.7,Yes,0,No,2012,6,169
18.1,32,0,SSW,33,ESE,WSW,9,17,55,45,1016,1013.3,25.1,29.8,No,0,No,2020,1,25
16.2,27.8,0,W,39,NNW,WNW,7,19,46,54,1009,1009.8,24,23.5,No,0,No,2014,10,289
10.6,17.3,0,E,30,ESE,SE,13,13,59,42,1030.5,1027.4,12.6,16.9,No,0,No,2010,6,159
21.3,30.8,0,WNW,28,ESE,WSW,2,11,67,56,1003,1002.8,26.6,29.1,No,0,No,2011,12,364
7,20,0,NW,31,NE,NW,9,15,84,65,1015.9,1013.3,13.1,17.9,No,10,Yes,2018,8,239
11.5,17.4,1.4,SW,39,WSW,SW,17,17,62,55,1022,1022.1,14,15.2,Yes,0,No,2019,9,247
17,31.8,0,E,43,E,ESE,20,11,59,25,1020.4,1016.9,18.9,30.3,No,0,No,2009,3,66
10.7,30.5,0,NE,28,NE,W,11,9,35,18,1021,1017.6,21.9,29,No,0,No,2019,4,118
20.2,30.1,0,NE,33,S,ENE,11,11,76,54,1013.5,1008.3,21.7,28.6,No,3.4,Yes,2009,11,316
11.4,21.8,0,ESE,26,SE,SE,13,11,70,47,1021.9,1020.3,16.4,20.9,No,0,No,2014,10,285
8.8,17.5,0,NE,46,NE,NNE,20,19,51,30,1023.6,1018.8,12.9,17.3,No,7.4,Yes,2011,6,164
17.8,27.9,0,SSW,30,SSW,SW,7,15,59,55,1013.5,1011.8,22.3,25.5,No,0,No,2014,10,302
1.9,24.3,0,NNE,31,NE,N,13,9,34,15,1029.7,1026.3,14.6,23.9,No,0,No,2017,6,160
4.7,20.3,0,NE,41,NE,NE,19,15,51,34,1018.1,1014.1,12.4,20,No,3,Yes,2011,8,218
17.5,34.7,0,WNW,46,N,WSW,13,17,33,27,1009.4,1005.6,28,32.5,No,2.2,Yes,2017,11,312
19.7,34.7,0,ESE,44,SSE,WSW,17,15,60,48,1013.2,1010,25.2,31.5,No,0,No,2012,1,23
20.3,33,0,SE,37,E,SW,13,20,55,41,1012.3,1009.6,25,30.8,No,0,No,2010,1,26
14.3,27.8,0,SW,22,ENE,WSW,7,11,48,63,1016.2,1015.3,23.5,23.8,No,0,No,2015,3,89
4.2,18.4,0,SSE,24,SSE,SSE,4,13,80,54,1030.3,1027.2,13.2,17.1,No,0,No,2017,9,247
7.1,21,0,NNE,31,ENE,ENE,7,13,69,39,1029.8,1024.4,11.8,20.2,No,0.4,No,2015,7,208
11,25.3,0,SSW,31,SE,WSW,11,15,56,50,1020.6,1016.5,18,23.6,No,0,No,2019,3,83
13.7,25.9,0,SSW,41,W,W,15,13,68,66,1013.1,1012.5,24,22.9,No,0,No,2010,11,308
13.3,22.1,4.6,W,37,W,WNW,11,13,71,68,1014.4,1014.3,19.6,20.1,Yes,10,Yes,2014,5,129
6.7,28.8,0,NNE,33,NE,NNE,13,17,39,9,1022.8,1017.9,16.8,28.3,No,3.2,Yes,2018,5,125
13.5,27.2,0,SSW,43,SE,SSW,13,26,47,51,1019.4,1015.4,20.1,24,No,0,No,2012,1,8
15.2,25.9,0,SW,33,SSW,W,9,17,48,61,1008.9,1010,23.7,21.8,No,0,No,2014,11,322
12.3,21.1,0,SSE,33,SSE,SW,17,17,59,39,1018.5,1017.3,17,20,No,0,No,2018,5,121
10.8,26,0,SW,35,NE,SW,15,17,46,33,1021,1015.8,19.8,23.7,No,0,No,2014,11,319
6.8,25.1,0,ENE,24,E,SW,9,11,65,44,1026.3,1021.7,15.8,23.6,No,0,No,2019,9,251
11.6,18.9,16,WSW,33,W,WNW,2,15,96,56,1004.9,1005.3,13.9,17.7,Yes,16.4,Yes,2009,7,190
16.5,19.5,11.2,SW,44,W,WSW,9,19,96,63,1013.8,1016.2,16.5,18.8,Yes,7.4,Yes,2014,7,183
3.3,19.5,0,NE,24,SSW,NE,2,9,73,34,1037.2,1033.3,12.2,18.9,No,0,No,2019,8,231
14.7,30,0,WSW,26,ENE,W,9,11,58,51,1018.1,1014.6,19.5,25.4,No,0,No,2013,4,120
23.7,39.7,0,NE,41,NE,SSE,19,13,24,12,1012.1,1009.1,28.7,37.5,No,0,No,2009,2,42
18.7,41.6,0,SSW,31,NE,SW,13,19,14,12,1013.9,1010.8,34.7,38.2,No,0,No,2015,12,362
11.9,32.4,0,NNE,31,NE,WNW,11,17,50,28,1022,1019.1,23.4,27.2,No,0,No,2015,10,274
18.2,32.6,0,NE,37,NE,SE,19,9,52,24,1020.7,1016.9,24,32,No,0,No,2020,3,83
20.8,33,0,WSW,33,E,SW,13,20,63,45,1014.6,1012.6,23.8,29.7,No,0,No,2010,2,48
11.3,23.5,0,NNW,39,N,NW,11,17,75,49,1016.9,1015.6,17.7,22.7,No,0,No,2011,8,232
21.9,36.1,0,SW,46,E,SW,13,22,39,24,1014.3,1010.9,25.8,33.8,No,0,No,2009,1,5
12,25.9,0,NNE,43,NNE,NNE,19,15,25,18,1023.9,1018.8,19.6,25.8,No,4,Yes,2015,5,135
17.6,24.5,3.2,NE,24,E,NE,7,11,97,91,1015.4,1012.3,19.2,21.2,Yes,12.4,Yes,2015,4,99
16.3,30.3,0,NW,30,NNE,WSW,9,15,57,44,1007,1004,24.9,28.8,No,0.2,No,2013,3,62
19.7,27,2.8,SSE,24,S,SSE,6,13,77,52,1016,1013.9,22.3,26.6,Yes,0,No,2013,4,103
16.5,27.9,0,SSW,44,SSE,SW,13,20,46,48,1015.4,1013.4,21.3,25.2,No,0,No,2017,12,340
16.5,32.3,0,SE,35,ESE,E,9,11,52,28,1017.3,1013.9,22.3,31.7,No,0,No,2018,3,63
7.7,20.2,0,WNW,37,NNE,NW,7,17,75,58,1015.4,1012,13.6,19.1,No,5.4,Yes,2009,8,217
14.5,30.4,0,NE,30,ENE,NNE,13,6,63,30,1016.8,1012.5,20.4,29.9,No,0,No,2014,4,98
18.8,23.4,0,SW,31,W,W,11,17,67,56,1012,1012.3,20.6,21.7,No,0,No,2018,12,338
12.5,23.1,0,SW,28,E,WSW,7,13,69,52,1021.8,1019.3,17.7,22.1,No,0,No,2018,4,114
6,19.5,0,SE,35,E,ESE,11,17,62,44,1030.3,1025.7,13,19.3,No,0,No,2012,9,251
18.4,35.3,0,ENE,33,E,ESE,11,13,44,18,1017.9,1013.4,23.7,34.9,No,0,No,2014,2,49
17.6,27.2,0,SW,30,NE,WSW,6,15,73,55,1016.6,1016.1,23.8,26.5,No,0,No,2019,2,46
12.8,31.1,0,SSW,28,E,SW,7,13,59,31,1020.4,1016.5,22.1,30,No,0,No,2015,3,88
14.3,23.3,29.4,ENE,31,SSE,W,17,7,94,64,1011.1,1009,15.6,21.9,Yes,0.2,No,2011,10,298
11.7,24.6,0,SW,31,SSW,SW,11,15,57,60,1011.3,1010.9,19,22.5,No,1.2,Yes,2017,3,76
7.5,17.4,4,NNW,35,NNE,NNW,7,15,97,67,1019,1015.9,11.2,16.6,Yes,11,Yes,2009,7,203
16.3,30.2,0,S,44,SE,SSW,13,11,61,35,1013,1009.8,19.7,30.1,No,0,No,2009,2,48
10.2,17.4,16.2,WSW,43,NNE,WSW,6,20,81,47,1014.2,1012,13.3,15.7,Yes,3.6,Yes,2009,8,233
8.7,21.1,0,ENE,24,ENE,NNE,6,9,73,49,1024.3,1019.5,13.5,20.7,No,0,No,2011,6,173
18.5,37.6,0,SE,39,ENE,SE,15,15,34,12,1017.2,1014.1,26.5,36.7,No,0,No,2019,12,345
11.8,21.6,0,SSW,41,SE,SSW,9,24,53,50,1020.8,1019,17.1,19.7,No,0,No,2009,11,325
14.8,31.8,0,WSW,22,NNE,WSW,7,13,73,41,1012.3,1009.7,20.2,30.5,No,0,No,2009,11,315
3.4,19,0.4,SSW,35,SSE,SSE,17,13,44,35,1031.1,1028.5,13.4,18.2,No,0,No,2008,10,279
19.3,34.8,0,NE,39,E,ENE,9,15,47,31,1012.5,1009.3,22.7,33.4,No,0,No,2020,2,42
11.2,24,2,W,31,WNW,W,7,15,96,54,1016.1,1017,18.8,22.4,Yes,0.2,No,2019,5,124
17.4,36.4,0,S,33,ESE,SE,11,13,44,20,1011.3,1007.5,24.5,35.2,No,0,No,2011,1,1
19.7,34.9,0,E,39,ENE,E,19,17,38,20,1019.1,1016.1,26.3,34.1,No,0,No,2014,2,52
20.3,25.8,0.2,NNW,39,NW,NW,15,17,84,77,1008.8,1007.1,23.6,25,No,0.8,No,2018,3,85
2.3,16.8,0,NE,17,ENE,NE,7,2,89,47,1029.6,1027.3,8.8,16.6,No,0,No,2015,6,174
11.3,21.7,0,SSE,28,S,WSW,6,11,65,58,1024.8,1022.2,17.5,21.1,No,0,No,2019,9,258
4.9,16.9,0.2,S,20,S,S,2,9,95,49,1027.1,1025,10.6,16.3,No,0,No,2017,7,189
19.8,35.9,0,E,33,ENE,E,17,11,46,29,1015.6,1011.7,25.6,34.4,No,0,No,2018,3,64
5,24.6,0,NNE,31,NE,N,13,11,47,28,1019.2,1015,13.5,23.2,No,5.2,Yes,2010,6,164
13,19.7,4.2,WSW,57,NW,W,11,24,76,54,1008.7,1010.2,17.9,18.3,Yes,8.8,Yes,2014,10,278
8.1,21.2,0,SW,20,NE,WSW,6,11,84,57,1026.6,1025.7,11.9,20.2,No,0,No,2013,6,179
7.6,19.4,0,NW,50,NNE,NW,9,22,72,51,1008.6,1005.5,14.8,19.3,No,12,Yes,2010,9,250
15.8,40.6,0,WSW,31,NE,WSW,9,13,28,28,1008,1005.1,30.1,33.9,No,0,No,2012,3,72
11.2,31.5,0,NE,31,NNE,WSW,13,17,27,32,1017.1,1014.2,26.4,27.6,No,0,No,2012,11,314
9.9,23.2,0,SW,43,ESE,SW,13,20,43,41,1020.5,1017.5,16,20.7,No,0,No,2018,11,330
27.3,32.6,0,NW,31,NNW,WNW,11,15,51,66,1007.5,1006.9,32.3,29.6,No,0,No,2013,1,15
9.1,23.8,0,NW,20,E,WNW,7,9,44,51,1010.2,1008.3,16.4,21.6,No,0,No,2010,5,138
10.1,16.2,10.8,WSW,57,W,SW,9,13,74,83,1017.8,1017.9,12.6,12.6,Yes,6.4,Yes,2017,7,210
19.7,31.3,0,WSW,28,ESE,WSW,9,15,68,56,1016.7,1013.6,24.9,28.4,No,0,No,2013,3,76
11,25.1,0,NE,28,NE,NNW,15,6,54,38,1019.8,1016.9,17.2,23.1,No,0.4,No,2015,6,162
6.7,16.9,2.6,WSW,46,NE,NNW,9,9,87,75,1015.1,1010.1,10.5,14.4,Yes,20.6,Yes,2008,7,199
17.4,31.6,0,NE,35,NE,SE,17,9,34,20,1021.4,1018.6,23.5,30.7,No,0,No,2017,4,92
15.3,25.1,0,WSW,31,SSE,WSW,9,17,55,53,1020.4,1017.8,22.2,23.1,No,0,No,2015,12,343
14.9,30.1,0,NE,33,E,ENE,11,7,51,25,1023.9,1020.3,20.3,29.5,No,0,No,2017,4,91
19.7,34.2,0,SW,43,SE,SW,11,19,51,37,1012.5,1010.2,25.8,33,No,0,No,2010,1,27
7.3,18.3,0.2,WNW,30,NNE,NW,11,11,73,81,1018.8,1016.5,12.2,15.5,No,8.4,Yes,2015,7,203
11.5,26.7,0,SSW,44,SE,SSW,9,22,46,50,1017.6,1014.6,19.7,23.5,No,0,No,2010,10,297
15.6,26.2,0,SSW,46,SSE,SW,17,26,51,51,1010.6,1007.6,23.2,24.7,No,0,No,2013,1,10
8.5,17.6,0,ESE,43,E,ESE,15,15,55,35,1038,1034.3,12.3,17,No,0,No,2008,8,234
13.8,23.4,8.4,SW,39,S,SW,19,19,57,50,1016.8,1015.9,17.9,21.8,Yes,0,No,2017,12,353
14.5,23.2,10.2,NW,44,W,W,20,17,52,54,1007.9,1009.1,20.3,22.1,Yes,1.8,Yes,2013,11,334
1.6,21.2,0,NNE,24,NNE,N,7,7,63,31,1021,1015.8,10.6,19.8,No,6,Yes,2019,5,139
5.7,23.9,0,NE,30,NE,N,11,15,57,28,1019.2,1015.6,14.8,23.1,No,0,No,2011,8,231
5.2,15.4,8.6,SW,17,ENE,SW,7,4,95,62,1018.1,1018.1,9.5,15,Yes,0.2,No,2009,6,163
8.2,17.1,0.8,WSW,46,N,NW,7,11,96,78,1016.3,1011.2,12.2,16.5,No,23.4,Yes,2018,7,195
14.2,35.3,0,SW,31,NE,W,7,17,44,15,1015.7,1014,23.6,34,No,0,No,2009,3,68
18.6,29.1,0,SSE,35,ESE,SE,13,13,66,45,1010.9,1008.1,22.2,27.9,No,0,No,2011,12,348
22.9,31.9,0,NE,33,E,ENE,9,15,40,30,1016.1,1013.2,25.1,29.8,No,1,No,2020,2,52
13.2,22.5,0,SSW,48,S,SSW,11,22,51,47,1016.1,1014.2,19.3,20.7,No,0,No,2018,11,334
17.4,28.3,0,WSW,30,S,SW,7,19,59,51,1009,1006.2,22.4,26.1,No,0,No,2013,3,61
19.9,35.3,0,SSW,41,SSE,SW,11,19,49,35,1014.3,1011.4,24.2,32.8,No,0,No,2009,1,8
11.8,24.1,0,WSW,31,NNW,W,7,13,55,53,1008.1,1006.5,21.6,22.2,No,0,No,2015,11,309
11.5,22.1,3,SW,31,SSE,SW,11,17,64,47,1022.9,1021,17.6,21.1,Yes,0,No,2015,10,292
13.8,21.7,3.2,W,44,W,WSW,19,15,86,74,1017.2,1019.2,20.2,19.7,Yes,0.4,No,2018,5,126
4.6,21.3,0,SW,30,NNE,WSW,4,17,68,44,1018.7,1016.4,14.1,20.4,No,0,No,2008,9,253
16.2,22.7,5.2,SSW,28,SSE,SSW,7,15,98,59,1019.5,1016.7,16.5,20.6,Yes,0.4,No,2018,4,108
15.4,20.7,5,SW,46,W,WSW,11,26,66,64,1010.4,1012.2,17.7,16.8,Yes,1,No,2010,10,283
14,27.4,0,SW,44,SSE,SW,11,15,60,40,1019.7,1017.8,17.2,26.1,No,0,No,2009,3,72
13.1,19.9,3,SW,39,SW,W,2,13,90,55,1018.1,1018.2,15.4,19.1,Yes,0.2,No,2014,9,252
15.4,25.5,0,WNW,52,WNW,NW,9,24,70,56,1003.8,1002.2,20.1,23.4,No,8,Yes,2012,11,332
18.7,32.9,0,SE,35,ESE,SW,11,9,56,25,1018.9,1016.2,23,32.6,No,0,No,2011,3,88
6.5,22.4,0,ENE,33,E,NE,17,13,66,45,1020.2,1016.1,15.3,21.1,No,0.8,No,2011,8,241
20.9,32.2,0,ESE,28,ENE,ENE,11,9,72,36,1008.6,1006.8,22.8,31.7,No,0,No,2010,12,356
14.4,28.2,0,E,35,E,E,13,11,49,30,1022.4,1016.7,19.1,27.7,No,0.4,No,2013,3,72
19.5,29.9,0,SSE,39,SE,SSE,17,17,62,39,1013.5,1011.1,22.3,29,No,0,No,2017,3,69
16.9,33.8,0,ESE,44,E,ESE,19,11,46,27,1015.8,1011.2,22.1,32.2,No,0,No,2014,2,34
11.3,19.7,2.8,SW,31,WSW,WSW,7,15,71,81,1022.2,1021,17,17.3,Yes,3,Yes,2011,6,170
11.5,24.6,0,ESE,30,E,E,13,9,49,29,1020.4,1017.8,17.7,24.2,No,1.4,Yes,2020,4,95
17,24.7,0,SW,39,S,SSW,13,20,56,57,1007.1,1003.7,21.4,24.2,No,0.6,No,2015,11,310
4.7,23.4,0,NE,20,E,NE,9,9,47,38,1024.9,1021,13.3,23.3,No,0,No,2012,8,223
1.5,17.7,0,NNE,28,ESE,NE,6,11,87,51,1028.5,1024.4,8.1,17.4,No,0,No,2009,7,195
3.5,21.4,0,N,31,NNE,NNW,11,9,67,28,1026.6,1022.9,11.2,20.9,No,0,No,2018,8,224
13.1,20.4,0.4,WSW,33,SW,W,15,13,80,65,1022.1,1020.9,17.3,18.5,No,0.2,No,2009,9,266
5.4,19.9,0,NE,28,E,ENE,7,7,69,35,1029.3,1026.8,11.2,19.4,No,0,No,2010,7,202
2.3,18.5,0,SSW,28,SE,SW,2,4,70,41,1029.8,1025.3,10.7,18.5,No,0,No,2010,8,238
18.9,26.8,0.2,WSW,31,SW,SSW,13,20,68,63,1015.5,1014.5,23.1,25.1,No,0,No,2010,3,83
11.1,30.7,0,SW,28,SSE,SW,7,17,44,28,1014,1010.4,22.2,28.6,No,0,No,2014,11,320
10,21.4,0.2,WSW,26,ENE,W,6,11,81,54,1021.9,1019.2,14.9,21,No,0,No,2014,8,239
2.1,19.4,0,NE,22,ENE,NE,6,6,78,39,1033.2,1030.5,9.7,19.2,No,0,No,2008,8,217
14.3,21.5,5.8,WSW,39,W,W,13,11,67,87,1011.5,1012.2,19.2,16.8,Yes,5.8,Yes,2014,8,233
22.3,26.6,2,NE,54,ENE,NE,11,13,67,73,1011.4,1010.1,25.1,23.4,Yes,11,Yes,2020,2,58
16.8,24.2,0.8,SW,33,SSW,SW,13,17,79,61,1013.6,1012.6,19.8,22.6,No,0,No,2017,3,82
11.2,19.8,9,WSW,41,W,SW,7,15,94,71,1017.1,1018.4,15.6,17.2,Yes,1.2,Yes,2012,6,179
17.9,32.3,0,WSW,30,NNE,W,13,11,42,33,1016.2,1014.4,25.9,31.3,No,0,No,2014,4,102
11.4,28.5,0,SSW,26,ENE,SW,7,11,56,35,1020.1,1018,19.4,25.6,No,0,No,2009,4,117
20.8,30,0,SSE,37,ENE,W,7,15,69,54,1009.1,1007.6,22.8,27.5,No,0,No,2010,1,25
7.6,21.9,0,SW,44,SSW,SSW,11,28,50,45,1018.5,1016,17,19.7,No,0,No,2010,10,286
14.3,20.1,13.6,NNW,65,NW,WNW,22,28,74,65,1006,1004.4,18.3,18.5,Yes,7.4,Yes,2009,8,226
10,19,12.8,NW,61,N,WNW,11,22,96,63,1014.8,1010.5,11.9,17.7,Yes,21.8,Yes,2010,7,192
11.9,24.6,0,E,33,E,E,17,9,61,36,1020.5,1015.6,16.6,24.3,No,0,No,2014,9,259
16.2,27.9,0,SSW,37,ESE,SW,11,19,48,43,1020.1,1017.6,21.9,25.7,No,0,No,2018,12,353
14.6,23.1,16,WSW,35,S,SW,7,19,73,64,1010.4,1012.1,18.6,22.4,Yes,0,No,2015,11,306
13.8,24.7,0,SW,31,NNE,WSW,9,17,70,60,1014,1013.3,18.2,23.5,No,2.6,Yes,2009,3,82
10.3,23.8,0.4,S,31,SSE,S,9,15,56,33,1024.7,1020.4,17.1,23.4,No,0,No,2017,3,78
5.3,22.4,0,SSE,24,SE,SE,7,11,59,37,1025.5,1019.4,15.3,21.8,No,4.2,Yes,2013,9,249
18.3,28.5,0,SE,46,SE,SSE,13,20,54,36,1011.1,1009.1,23,27,No,0,No,2018,1,28
13,22.3,0,SSW,20,NNE,SW,7,7,90,65,1014.4,1011.3,15.9,21.9,No,0,No,2013,5,126
19.2,27.5,0,SSW,37,S,SSW,13,19,74,52,1012.4,1010.5,21.3,26.2,No,0,No,2014,12,365
18.2,25.8,0,SW,48,S,SW,19,24,60,54,1010.8,1010.3,22.2,23.7,No,0,No,2015,12,358
20.5,40.1,0,SW,43,NE,SW,19,22,21,24,1006.8,1007.1,30.4,32.7,No,0,No,2009,2,43
8.5,20.3,0,NE,30,ENE,ENE,13,11,71,44,1029.5,1026.6,12.8,19.8,No,0,No,2015,6,179
11.3,25.2,0,SW,31,ESE,WSW,6,17,66,51,1018.9,1015,19.5,23.3,No,0,No,2020,3,91
5.7,20.1,0,SSW,35,ENE,SW,9,11,57,41,1026,1021.9,13.5,19.2,No,0,No,2008,9,251
13.4,28.9,0,WSW,33,S,WSW,7,19,46,42,1013.6,1012.1,24,26,No,0,No,2018,12,364
19.7,32.4,0,SSW,35,ESE,WSW,6,17,57,46,1014.9,1013.3,26,29.7,No,0,No,2015,2,50
13.4,17.2,5.4,W,37,SW,SW,15,19,71,58,1011.9,1010.5,15.6,15.2,Yes,1.4,Yes,2009,9,258
16.7,38.9,0,ENE,41,NE,WSW,22,15,19,11,1013.7,1008.6,30.1,37.6,No,0,No,2012,3,66
13.8,23.6,1,SW,33,SSW,SW,6,19,63,48,1014.2,1014,19.6,22,No,0,No,2014,11,326
12.7,28.2,0,SSW,31,S,SW,7,17,63,50,1018.3,1013.4,19.5,25.7,No,0,No,2013,3,83
7.9,19.2,2.4,WSW,24,N,WSW,6,6,93,71,1026.1,1024.6,10.9,18.7,Yes,4,Yes,2018,6,170
21.1,41,0,SSW,37,NE,SSW,13,20,18,10,1011.2,1008.5,33.9,37.2,No,0,No,2019,12,348
17,29.7,0,S,28,WSW,WSW,6,13,56,52,1010.9,1011.3,25,26.8,No,0,No,2015,1,14
15.6,21.7,11.8,NW,67,NW,WSW,24,19,65,86,1001.2,1000,20.7,16.6,Yes,22.4,Yes,2009,11,322
10.7,16.1,15,SW,72,W,W,24,24,80,49,1005,1003.9,12.8,14.4,Yes,17.8,Yes,2018,8,213
6.5,19.5,0,SW,37,S,SSW,17,19,49,44,1024.4,1022.7,15.1,18.5,No,0,No,2019,10,288
20.7,32,0,SW,37,ENE,SW,11,17,62,46,1011.5,1009,24.7,29.9,No,0,No,2011,3,76
21.5,26.9,0,SW,31,NW,SW,9,15,77,63,1010.5,1009.9,24,24.5,No,0.4,No,2015,2,44
17.5,36.6,0,NE,37,ENE,NE,13,9,29,13,1018,1014.6,27.5,35.9,No,0,No,2014,2,59
17.4,30.8,0,SSW,41,SSE,SSW,7,19,58,56,1015,1013.6,24.6,27.2,No,0,No,2014,3,62
20.4,25.2,0,SW,28,W,WSW,11,13,76,70,1009.5,1010.1,23.5,23.8,No,0,No,2018,3,81
20.1,31.1,0,SW,43,S,SW,7,20,59,46,1008.9,1007,25.9,30.1,No,0,No,2011,2,40
4.8,18.8,0.8,WSW,22,NE,W,7,2,80,49,1018.7,1017,10.7,18.2,No,0,No,2009,5,144
17,30.4,0,SW,41,SSW,SW,13,19,64,52,1012.6,1010.1,23.6,27.9,No,0,No,2011,12,356
14.4,29.2,0,SW,39,E,SW,15,19,64,40,1016,1012.4,17.9,27.6,No,0,No,2009,2,58
18,23,5,WNW,63,NNW,NW,9,17,94,65,1009.8,1008,18.8,21.9,Yes,20.4,Yes,2008,10,298
19.8,36.6,0,E,37,E,NE,11,11,45,23,1014.7,1011.6,24.8,36.2,No,0,No,2012,2,40
12.3,19.3,1.2,SSW,39,SW,SSW,11,17,73,53,1022.7,1021.9,15.4,18.4,Yes,0.2,No,2012,6,180
15,19.8,3,SW,33,WSW,WSW,7,13,84,71,1022.9,1023,16.6,19.2,Yes,0,No,2011,6,171
12.6,26,0,SSW,28,E,WSW,7,15,56,47,1017.9,1014.2,20.2,24.1,No,0,No,2014,10,297
7.5,20.3,0,ESE,30,ESE,SSE,13,13,49,33,1030.8,1026.9,13.3,19.7,No,0,No,2015,9,263
16.7,37.1,0,ESE,39,E,ESE,15,9,45,19,1013.2,1008.3,23.1,35.5,No,0,No,2015,1,26
12.1,31.7,0,SW,30,E,SW,7,17,42,37,1017.3,1014.8,24.6,27.7,No,0,No,2015,10,294
18.8,36.6,0,S,39,ENE,SE,17,13,38,18,1011.9,1009.2,27.1,36,No,0,No,2011,1,9
7.5,17.5,0,SE,30,SSE,E,15,15,76,69,1025.2,1024.6,12,15.4,No,0,No,2015,5,139
9.6,26.7,0,S,33,S,SW,6,15,52,37,1026.2,1022.8,18.2,24.4,No,0,No,2017,4,118
20.3,29.6,0,WSW,31,SSE,WSW,9,17,62,58,1006,1004.9,26.3,27.3,No,0,No,2011,12,365
10.9,25.7,0,NE,24,E,NNE,9,11,64,37,1025.5,1021.4,16.9,25,No,0,No,2013,10,275
14.5,34.2,0,SSW,39,ENE,SSW,11,24,35,20,1014.5,1013.3,25.8,32.3,No,0,No,2010,1,13
15.1,26.5,1.4,ESE,35,E,E,7,11,66,37,1017.3,1013.9,18.5,25.3,Yes,0,No,2020,4,96
16.1,34.1,0,SSW,41,SSW,SSW,11,22,34,27,1012.5,1011,27.8,30.7,No,0,No,2009,12,360
17.7,30.7,0,SW,30,SE,SSW,9,11,73,51,1010.4,1006.8,20.8,28.9,No,0,No,2009,1,30
20.1,24.9,0,W,44,NNW,NW,13,17,68,54,1004.5,1004.5,22.4,24,No,2.2,Yes,2017,11,321
19.8,26.7,0,SW,44,WNW,SW,9,20,83,53,1011,1010.7,20.7,26.1,No,0,No,2008,12,350
16.2,24,3.8,N,41,NW,NW,17,15,70,61,1007.8,1007.9,21,23,Yes,0.8,No,2017,3,81
8.2,20.4,0,SSE,15,SSE,SSW,6,9,87,57,1022.6,1020.2,14.3,19.7,No,0,No,2015,5,144
17.1,34.3,0,ESE,39,E,ESE,17,9,57,28,1013.1,1009.1,19.3,33.2,No,0,No,2009,2,54
6.5,21.2,0,S,20,SE,SW,4,7,97,50,1027.3,1024.7,12.7,20.4,No,0,No,2017,6,167
21.3,24,0.6,SSE,15,S,SE,4,2,96,85,1016.8,1016.1,22.3,23.9,No,3.4,Yes,2019,3,68
20.6,31.1,0,SSE,37,SSE,SW,9,15,49,36,1015,1011.8,23.1,30.2,No,0,No,2009,1,18
17.3,32.2,0,SSW,43,NNW,SW,9,22,33,37,1011,1010.5,29.6,29.2,No,0,No,2020,1,12
8.7,28.5,0,ENE,24,E,E,7,9,41,21,1028.4,1025.8,18.6,27.4,No,0,No,2009,5,125
16.7,17.7,0.4,SSW,28,WSW,NW,13,9,78,79,1008.8,1007.8,17.1,16.8,No,2.6,Yes,2010,4,102
7.1,23.6,0,NNE,20,SSE,WSW,11,9,72,52,1026,1020.8,15.1,22,No,0,No,2014,5,123
10.3,16.9,2.8,S,31,SSE,SSE,17,7,67,53,1026,1023.4,13.7,16.3,Yes,0,No,2017,8,232
8,21.7,0,WNW,35,NNE,WNW,15,17,40,81,1013.9,1012,17.8,19.6,No,1.2,Yes,2012,8,244
3.3,18.9,0,NE,37,NE,N,11,15,80,40,1024.8,1020.2,8.9,17.9,No,0,No,2008,7,204
18.7,25.6,0.2,SW,41,SSW,SSW,11,22,51,46,1012.8,1012.3,22.7,23.7,No,0,No,2014,1,16
12.6,16.5,10.4,WSW,44,SW,SW,15,24,59,66,1016.2,1017.1,15.8,15.2,Yes,0.2,No,2010,7,210
21,38.7,0,SSW,39,ESE,SSW,7,20,34,29,1011.8,1009.1,31.6,34.6,No,0,No,2015,12,356
7.8,19,1.8,SSW,17,NE,NE,7,4,81,57,1023.7,1021.7,14.1,17.9,Yes,0.4,No,2013,8,230
20,39,0,E,37,E,ESE,11,11,32,10,1018.4,1015.4,28.5,37.5,No,0,No,2019,12,346
2.9,20.1,0,SW,22,SE,WSW,6,11,83,45,1033.5,1030.3,9.4,18.8,No,0,No,2009,7,210
9.6,19.2,0,ENE,30,ENE,ENE,9,13,60,42,1027.4,1023.2,11.6,18.7,No,0,No,2015,5,141
20.2,32.2,0,SSW,35,SSE,SW,9,19,58,46,1012.9,1009.4,25.2,30.6,No,0,No,2014,2,37
16.7,27.6,0,SW,41,SSE,SW,13,19,49,49,1012,1010.7,22.7,26.1,No,0,No,2011,3,70
13.3,23.3,0,WNW,35,WNW,WNW,13,15,60,53,1012.1,1011.5,21,22.8,No,0,No,2012,11,307
15,24.6,0,ESE,39,S,SSE,17,17,60,35,1025.8,1024.3,19.1,23.1,No,0,No,2015,3,81
17.3,35.7,0,SW,46,ENE,SW,15,22,34,29,1010.3,1007.9,27.4,31.6,No,0,No,2015,12,355
14.8,21.8,0.2,WSW,26,SW,WSW,11,11,71,57,1023.6,1022.3,18.9,20.5,No,0,No,2017,9,260
11.2,15.5,21.8,SSW,59,W,WSW,24,17,72,59,1008.6,1009.7,11.8,14.6,Yes,6.2,Yes,2010,7,193
7.1,21.7,0,SSW,26,NNE,WSW,7,13,79,57,1014.9,1011.6,12.6,20.2,No,1.2,Yes,2008,8,241
16.3,27.3,0,S,30,E,W,6,11,69,52,1014.9,1012.2,20.8,26,No,0,No,2012,3,85
11.5,19.1,4.2,NE,43,NE,W,17,17,96,68,1010,1009,13.2,18.7,Yes,3.2,Yes,2009,7,187
16.5,33,0,ENE,39,E,ESE,17,11,40,18,1017.5,1013.1,23.8,32.4,No,0,No,2011,11,326
4,23,0,N,28,NE,WNW,9,9,62,24,1026.2,1021.6,11.2,22.1,No,0,No,2013,7,182
20,28.7,0,S,43,SW,SW,19,20,55,58,1008.2,1007.6,25.3,26.2,No,0,No,2013,1,23
15.1,32.3,0,E,43,SSW,SW,9,17,43,38,1017.1,1014.4,25.7,31.1,No,0,No,2018,11,319
14.2,29.2,0,ESE,50,E,SE,15,13,45,22,1021.7,1017.2,20.1,28.4,No,0,No,2015,12,335
13.4,23.2,4,SW,30,S,SW,11,15,71,47,1011,1009.8,18,22.5,Yes,0.2,No,2008,11,330
20.5,33.4,0,SW,43,ESE,SSW,7,15,51,42,1011.2,1008.7,26.3,31,No,0,No,2020,1,14
18.8,35.4,0,SW,39,ESE,SSE,11,11,51,26,1014.1,1010.9,23.7,34.4,No,0,No,2009,1,7
6.7,19.3,1,SW,41,SSE,SW,15,24,44,41,1022.8,1021.2,15,18.4,No,0,No,2010,10,284
14.1,29.5,0,SE,39,ESE,SSE,17,15,42,21,1020.5,1016.2,20.3,28.7,No,0,No,2010,11,319
17.3,32.2,0,ENE,33,NE,SW,13,15,52,50,1017.1,1014.4,24.7,27.6,No,0,No,2015,11,314
8.6,27.7,0,S,28,E,SE,11,7,67,33,1022.1,1017.4,17.5,26.7,No,0,No,2018,4,105
10.6,26.4,0,ENE,37,E,ESE,19,11,42,23,1024.4,1020.9,16.8,25.6,No,0,No,2009,11,306
15,33.4,0,E,41,E,ESE,17,11,52,31,1019.3,1014.7,20.2,31.9,No,0,No,2013,11,307
19.5,26.1,8.6,W,24,N,W,7,13,88,68,1009.3,1008.9,22.8,24.9,Yes,0,No,2020,3,75
17,29.6,0,SSE,46,ESE,SSE,9,15,43,24,1007.3,1002.1,20.3,29,No,1.4,Yes,2018,11,326
13,19.9,0.6,WNW,37,WNW,WNW,13,15,61,66,1013,1011.3,18.3,19.1,No,5,Yes,2008,10,275
20.6,24.2,8.4,NW,39,WNW,W,13,19,75,58,1007.4,1008.6,22.7,23.2,Yes,2.4,Yes,2017,3,72
10.8,29,0,SW,28,E,SW,11,13,57,39,1020,1015.1,20.2,27.3,No,0,No,2012,10,294
7.6,21.5,0.8,SW,41,SE,SSW,13,20,44,41,1017.8,1014.9,16.4,20.8,No,0,No,2010,11,316
20.8,27.4,0,S,35,S,SW,15,17,52,43,1012.2,1009.8,22.2,26,No,0,No,2012,2,55
9.8,17,4.8,NE,30,ENE,ENE,9,11,76,62,1019.8,1016.2,12.6,16.4,Yes,0,No,2011,7,193
16.9,23.5,0.6,WSW,43,W,WSW,15,22,66,63,1013.8,1012.5,21.6,22.3,No,14.8,Yes,2015,4,101
10.3,24,0,S,35,ESE,SW,7,19,54,49,1021.8,1018.8,18,22.3,No,0,No,2014,3,74
14.3,32.6,0,S,30,ENE,SW,7,17,37,27,1011.7,1009.1,24.9,30,No,0,No,2017,11,328
14.9,21,0.2,NNE,31,NNE,NNW,9,9,58,50,1022.2,1018.3,16.6,19.9,No,1,No,2019,6,176
14.1,25.1,1,SW,24,NE,SW,4,13,92,45,1021.5,1018.4,19.7,23.7,No,0,No,2020,4,114
15.6,27.9,0,SW,46,ESE,SSW,13,22,53,43,1018.2,1015.2,19,26.7,No,0,No,2009,1,20
10.7,19.7,1.6,SW,35,W,SW,6,9,99,71,1022.4,1020.4,12.5,18.2,Yes,4.2,Yes,2018,6,163
15.5,30,0,NE,37,NE,WSW,17,4,43,26,1018.7,1015.8,20.6,28.8,No,0,No,2011,5,128
13.2,21.3,3.2,NE,35,NE,ENE,15,9,78,69,1010.8,1009.3,15,20.8,Yes,23.4,Yes,2015,6,169
2.8,17.1,0,NE,24,ENE,E,4,11,74,46,1033.1,1029.2,9.4,16.4,No,0,No,2015,7,193
23.7,40.4,0.2,N,46,ENE,NE,11,20,53,84,1008.9,1008.1,30.4,27,No,7.8,Yes,2011,1,29
8.4,20.3,0,NNW,46,NNE,N,20,13,20,33,1014.7,1011.3,17.1,19.4,No,27.2,Yes,2010,8,223
17.7,26.9,0,SW,24,E,WSW,4,9,60,52,1014.7,1015.6,22.2,24.4,No,0,No,2010,11,313
10.5,24.5,0,SW,35,E,SSW,11,20,50,45,1020.9,1016.3,19,22.4,No,0,No,2011,11,319
18,25.1,0,SSW,39,SSW,SSW,9,19,51,34,1007.5,1008.2,21.5,24.7,No,0,No,2011,1,14
13.6,30.7,0,ENE,39,E,E,17,13,48,20,1027,1022.6,16.8,29.3,No,0,No,2009,3,63
15.9,21,1.2,WSW,54,W,WSW,19,20,55,57,1019,1020.9,19.4,17.3,Yes,0.2,No,2015,10,278
10.2,25.8,0,SW,31,ESE,SW,13,19,51,45,1024.6,1020.8,16.5,23,No,0,No,2014,10,286
6.3,18.7,0,NE,28,E,ENE,6,7,76,47,1033.6,1030.6,11.4,18.5,No,0,No,2017,6,179
4.2,19,0,SW,26,NE,SSW,6,13,72,45,1026.1,1022.2,11.6,18.2,No,2.8,Yes,2010,9,246
6,21,0,NNE,26,NNE,NE,7,11,41,23,1026.9,1023.7,14.4,20.6,No,0,No,2017,6,161
13.8,28.8,0,WSW,22,NE,WSW,6,11,74,58,1013.9,1011.7,21.8,26.2,No,0,No,2009,4,101
17.2,34.9,0,E,44,E,ESE,15,15,49,18,1023.1,1019.3,22.5,33.6,No,0,No,2013,1,31
3.5,16.2,3.4,SE,35,SSE,SSE,9,20,77,53,1029.2,1028.3,9.1,14.7,Yes,0,No,2013,5,151
20.6,35.5,0,NW,43,ENE,ENE,17,9,23,16,1014.5,1011.4,29.6,34.9,No,7.4,Yes,2017,12,337
6.3,20.9,0,SSW,22,NE,S,7,11,84,51,1022.6,1020.6,12.1,20.5,No,0,No,2010,6,154
13.6,25.9,0,SW,33,ESE,SW,13,17,52,37,1014.2,1011.1,18.1,24.7,No,0,No,2008,11,323
14.7,29.5,0,ESE,41,ESE,SSE,13,19,54,23,1017.8,1013.7,19.8,28.3,No,0,No,2017,11,318
11,21.6,0,SW,44,S,SSW,20,17,49,32,1022.9,1021.1,15.6,19.9,No,0,No,2014,11,317
9.8,21,0,N,43,NNE,NNW,13,17,39,71,1012.6,1009.8,15.8,18.7,No,6,Yes,2013,6,174
15.1,18.4,6.6,W,52,W,W,28,19,81,48,1006.5,1008.8,15.9,17.3,Yes,8.4,Yes,2017,8,226
8.5,18.3,0,SSW,22,SE,WSW,6,13,89,55,1023.2,1020.2,13,17.5,No,0,No,2010,8,218
8,20.8,0,NE,31,NE,ENE,11,9,67,50,1018.3,1015.1,12.4,20.3,No,0,No,2013,6,164
12.4,28.1,0,NE,26,NE,E,15,9,56,31,1026,1021.7,20,27.3,No,0,No,2015,4,110
17.6,37.2,0,WNW,31,ENE,WNW,13,13,39,23,1013.4,1010.1,27.1,34,No,0,No,2013,10,303
15.7,34,0,SW,28,WSW,WSW,2,13,49,33,1016,1014,25.5,32,No,0,No,2020,4,100
14.1,26.3,0,WNW,61,NNE,NNW,17,24,53,60,1013.8,1011.9,20.3,23.5,No,38.6,Yes,2011,8,233
8.1,14.3,24,WSW,63,W,WNW,20,22,62,59,1001.6,1002.2,11.1,12.5,Yes,9.6,Yes,2009,7,201
17.7,31.1,0,SW,44,SSE,SSW,13,20,62,46,1013.9,1011.1,24.9,29.5,No,0,No,2010,2,43
14.5,28,0,SE,33,ESE,SE,13,11,60,30,1021.3,1017.4,19.4,27.1,No,0,No,2018,4,91
4,17.4,0,SSE,20,NE,SSW,7,7,89,49,1033.7,1030.8,10,17.1,No,0,No,2009,7,209
19.5,36.9,0,SW,33,NE,SSE,20,9,33,14,1005.2,1000.3,27.4,36.2,No,0,No,2011,1,12
13.6,21.8,0.4,W,33,SW,WSW,19,15,81,48,1018.4,1017.7,15.6,20.6,No,0,No,2012,11,311
17.4,22.7,6.4,WSW,43,WSW,SW,15,19,71,55,1012.2,1013.2,20.1,20.4,Yes,0,No,2020,4,110
17.6,30.9,0,WSW,35,SSW,SW,13,15,56,47,1006.4,1003,24.2,28.9,No,0,No,2018,1,26
10,20.3,3,WNW,31,NNE,WSW,9,11,63,53,1022,1020,16.8,18.5,Yes,0,No,2013,9,270
22.2,28.1,0,E,37,E,ENE,13,15,61,59,1011.9,1010,25,26.8,No,1.2,Yes,2013,1,13
15.2,29.7,0,ESE,37,E,SE,11,13,55,26,1016.8,1014.9,19.6,28.8,No,0,No,2019,11,315
6.6,21,0,NE,22,ENE,NE,7,13,83,46,1020.2,1016.4,11.5,20.9,No,4.2,Yes,2009,7,186
17.5,32,0,SW,37,SE,SSW,9,19,40,47,1016.2,1012.6,25.9,28,No,0.2,No,2019,11,322
18.2,23.6,1.2,W,50,WSW,WSW,13,13,84,60,1006.2,1004.6,19.9,22.6,Yes,0.4,No,2016,1,18
13.3,26.3,0,SW,39,SE,SSW,9,17,50,41,1013.3,1011.5,22.6,24.8,No,0,No,2011,12,353
16.5,28.1,0,SSW,43,S,SW,7,26,51,50,1012.3,1010.9,22.5,23.6,No,0,No,2019,1,16
12.6,21.6,3.4,SW,31,NW,W,9,11,93,65,1017.6,1017.4,16,20.6,Yes,0.6,No,2014,9,272
9.5,18.6,0,WSW,28,NE,SW,7,13,69,56,1027.5,1025.8,14,18.1,No,1.2,Yes,2015,9,257
11.2,23.2,0,SW,39,ESE,SW,9,19,50,49,1021.3,1017.5,16.8,21.5,No,0,No,2009,10,278
12.4,18.8,2.6,NW,39,SW,W,11,7,77,66,1016.6,1014.8,14.4,16.3,Yes,10.4,Yes,2010,7,209
8.6,20.2,0,SSW,22,WSW,SSE,9,9,79,61,1023.8,1022.4,14.2,19.2,No,0,No,2015,5,146
12.2,24.2,0,ENE,37,ENE,ESE,19,13,50,40,1022.9,1018.9,17.4,23.5,No,0,No,2017,8,239
16.3,32.7,0,ENE,33,NE,WSW,20,15,33,18,1012.5,1009.3,23.7,32.2,No,0,No,2012,3,63
7.4,17,0,NE,28,E,SW,7,19,84,88,1017.7,1014.1,12.1,14,No,12.6,Yes,2008,7,207
13.7,31.5,0,SSW,28,E,SSW,11,13,57,40,1018.9,1015.7,21.3,29.3,No,0,No,2018,11,318
7.8,18.1,7.8,N,30,NNE,N,11,11,82,86,1021.6,1018.3,11.8,15,Yes,18.2,Yes,2008,8,214
12.9,29.9,0,ENE,35,ENE,ENE,19,11,38,21,1024.5,1020.7,22.1,29.4,No,0,No,2017,10,293
16.5,28.5,0,WSW,30,NNE,WSW,4,17,73,57,1006.3,1005.5,23.7,27.5,No,0,No,2018,2,49
12.2,26.7,0,WSW,20,S,W,6,7,73,51,1023.9,1021,19.8,23.9,No,0,No,2019,9,256
6.4,22.3,0,NW,24,WSW,W,7,13,70,51,1022,1020.8,14.1,21.3,No,0,No,2014,8,236
25.4,41.9,0,NNE,56,ENE,SE,13,11,37,18,1008.2,1003.4,32.6,41.5,No,3,Yes,2012,1,26
20.7,31.2,0,S,35,SSE,SE,17,15,60,29,1010.9,1008.2,23.9,30.6,No,0,No,2012,3,73
17.3,31.1,0,SSW,39,ESE,SSW,11,19,56,47,1017.5,1014.6,23.2,28.2,No,0,No,2018,2,45
14.8,22.3,0,SSE,35,SSE,SSE,17,4,56,33,1023.6,1021.6,16.4,21.3,No,0,No,2017,4,97
13.4,18.9,3.6,N,20,NNE,NNW,7,7,95,79,1023.3,1021.1,15.6,18.4,Yes,1.2,Yes,2014,8,219
16.9,25.6,0,SSW,44,S,SW,15,24,61,49,1015.2,1013,22.4,25.3,No,0,No,2015,11,328
22.3,29,0,SW,41,SSE,SW,13,17,58,53,1007.4,1007.4,25.4,27.3,No,0,No,2011,3,64
12.7,17.6,10.4,NW,56,W,WNW,20,19,72,77,1006.5,1005,14.2,13.3,Yes,17.6,Yes,2013,7,207
14.9,20.5,11.6,WSW,52,NW,W,15,17,75,66,1010.2,1009.3,17.3,18.5,Yes,2.8,Yes,2014,5,144
18.6,28,0,SSE,35,SE,S,13,17,64,43,1014.3,1010.6,20.3,27.5,No,0,No,2018,2,51
11.5,34.2,0,NE,35,NE,ESE,20,9,17,8,1017.8,1013.8,27,33.8,No,0,No,2010,11,306
13.8,19.3,0.8,W,31,WNW,WNW,6,15,80,54,1023.2,1021.7,16.3,18.9,No,0.4,No,2014,7,209
6.3,16.9,16,SSW,44,WSW,WSW,13,15,69,66,1018.6,1017.1,13.4,16.1,Yes,6.8,Yes,2013,8,228
16,21.9,0.4,SSW,39,SSE,SW,13,19,76,52,1019,1017.7,18.7,20.2,No,0.2,No,2013,4,110
